3,280,284,c,K,,
0,282,264,In,K,,
0,280,151,In,K,,
0,275,94,In,K,,
0,223,190,In,K,,
0,203,277,In,K,,
0,199,356,In,K,,
0,199,389,In,K,,
0,338,188,In,K,,
0,358,279,In,K,,
0,362,360,In,K,,
0,361,393,In,K,,
0,254,311,In,K,,
0,245,420,In,K,,
0,235,540,In,K,,
0,230,571,In,K,,
0,307,310,In,K,,
0,314,428,In,K,,
0,321,542,In,K,,
0,321,574,In,K,,
4,269,284,In,K,,
0,271,263,In,K,,
0,267,149,In,K,,
0,262,90,In,K,,
0,209,189,In,K,,
0,188,273,In,K,,
0,187,353,In,K,,
0,189,388,In,K,,
0,327,187,In,K,,
0,348,280,In,K,,
0,350,362,In,K,,
0,350,397,In,K,,
0,242,312,In,K,,
0,239,425,In,K,,
0,235,554,In,K,,
0,229,588,In,K,,
0,297,311,In,K,,
0,306,432,In,K,,
0,313,550,In,K,,
0,313,583,In,K,,
5,268,284,In,K,,
0,269,264,In,K,,
0,264,149,In,K,,
0,260,89,In,K,,
0,205,189,In,K,,
0,185,273,In,K,,
0,184,354,In,K,,
0,186,389,In,K,,
0,325,187,In,K,,
0,346,280,In,K,,
0,349,362,In,K,,
0,350,397,In,K,,
0,240,313,In,K,,
0,238,425,In,K,,
0,235,553,In,K,,
0,231,586,In,K,,
0,296,311,In,K,,
0,305,433,In,K,,
0,313,550,In,K,,
0,312,583,In,K,,
6,262,286,In,K,,
0,263,264,In,K,,
0,256,149,In,K,,
0,249,88,In,K,,
0,196,189,In,K,,
0,177,272,In,K,,
0,179,354,In,K,,
0,179,380,In,K,,
0,317,187,In,K,,
0,341,282,In,K,,
0,344,365,In,K,,
0,346,401,In,K,,
0,235,314,In,K,,
0,233,430,In,K,,
0,229,555,In,K,,
0,224,589,In,K,,
0,291,313,In,K,,
0,301,439,In,K,,
0,312,579,In,K,,
0,312,616,In,K,,
7,261,286,In,K,,
0,261,264,In,K,,
0,254,148,In,K,,
0,247,86,In,K,,
0,194,188,In,K,,
0,175,273,In,K,,
0,177,354,In,K,,
0,177,381,In,K,,
0,315,187,In,K,,
0,340,283,In,K,,
0,344,366,In,K,,
0,346,403,In,K,,
0,234,315,In,K,,
0,230,430,In,K,,
0,225,554,In,K,,
0,220,588,In,K,,
0,290,313,In,K,,
0,302,439,In,K,,
0,316,583,In,K,,
0,317,622,In,K,,
8,277,298,In,K,,
0,279,272,In,K,,
0,274,132,In,K,,
0,263,62,In,K,,
0,205,182,In,K,,
0,182,284,In,K,,
0,181,381,In,K,,
0,182,414,In,K,,
0,344,177,In,K,,
0,377,298,In,K,,
0,379,400,In,K,,
0,380,445,In,K,,
0,246,332,In,K,,
0,214,482,In,K,,
0,181,628,In,K,,
0,170,676,In,K,,
0,309,330,In,K,,
0,354,480,In,K,,
0,400,630,In,K,,
0,404,680,In,K,,
9,259,309,In,K,,
0,261,279,In,K,,
0,250,123,In,K,,
0,238,50,In,K,,
0,166,183,In,K,,
0,136,290,In,K,,
0,147,406,In,K,,
0,128,439,In,K,,
0,335,178,In,K,,
0,373,302,In,K,,
0,374,425,In,K,,
0,375,478,In,K,,
0,220,351,In,K,,
0,181,555,In,K,,
0,138,774,In,K,,
0,119,855,In,K,,
0,302,345,In,K,,
0,343,522,In,K,,
0,379,683,In,K,,
0,384,744,In,K,,
10,249,310,In,K,,
0,249,278,In,K,,
0,238,108,In,K,,
0,214,30,In,K,,
0,148,171,In,K,,
0,108,292,In,K,,
0,92,425,In,K,,
0,79,467,In,K,,
0,327,165,In,K,,
0,373,292,In,K,,
0,375,425,In,K,,
0,369,468,In,K,,
0,209,355,In,K,,
0,133,570,In,K,,
0,50,802,In,K,,
0,23,896,In,K,,
0,292,348,In,K,,
0,358,535,In,K,,
0,417,708,In,K,,
0,429,777,In,K,,
11,283,245,In,K,,
0,287,222,In,K,,
0,295,99,In,K,,
0,234,41,In,K,,
0,188,118,In,K,,
0,127,236,In,K,,
0,166,364,In,K,,
0,169,419,In,K,,
0,381,140,In,K,,
0,404,323,In,K,,
0,357,461,In,K,,
0,340,508,In,K,,
0,229,287,In,K,,
0,185,115,In,K,,
0,373,310,In,K,,
0,349,374,In,K,,
0,330,288,In,K,,
0,480,411,In,K,,
0,373,432,In,K,,
0,385,436,In,K,,
12,272,305,In,K,,
0,274,272,In,K,,
0,279,106,In,K,,
0,224,40,In,K,,
0,200,133,In,K,,
0,126,240,In,K,,
0,178,362,In,K,,
0,175,417,In,K,,
0,343,103,In,K,,
0,399,272,In,K,,
0,367,427,In,K,,
0,356,479,In,K,,
0,238,340,In,K,,
0,122,212,In,K,,
0,176,364,In,K,,
0,136,358,In,K,,
0,303,340,In,K,,
0,480,294,In,K,,
0,394,371,In,K,,
0,398,412,In,K,,
13,257,296,In,K,,
0,256,265,In,K,,
0,245,112,In,K,,
0,220,35,In,K,,
0,160,151,In,K,,
0,122,261,In,K,,
0,128,383,In,K,,
0,115,420,In,K,,
0,331,154,In,K,,
0,382,286,In,K,,
0,390,411,In,K,,
0,395,462,In,K,,
0,210,338,In,K,,
0,334,243,In,K,,
0,202,355,In,K,,
0,223,418,In,K,,
0,304,336,In,K,,
0,306,537,In,K,,
0,307,715,In,K,,
0,308,781,In,K,,
14,250,291,In,K,,
0,249,263,In,K,,
0,234,117,In,K,,
0,215,49,In,K,,
0,157,159,In,K,,
0,129,256,In,K,,
0,128,359,In,K,,
0,126,390,In,K,,
0,312,156,In,K,,
0,360,279,In,K,,
0,369,389,In,K,,
0,366,421,In,K,,
0,212,329,In,K,,
0,212,504,In,K,,
0,211,657,In,K,,
0,203,709,In,K,,
0,293,325,In,K,,
0,352,490,In,K,,
0,402,636,In,K,,
0,409,686,In,K,,
15,284,281,In,K,,
0,285,255,In,K,,
0,278,124,In,K,,
0,267,51,In,K,,
0,213,165,In,K,,
0,186,270,In,K,,
0,187,358,In,K,,
0,180,385,In,K,,
0,346,158,In,K,,
0,382,276,In,K,,
0,382,377,In,K,,
0,385,415,In,K,,
0,251,312,In,K,,
0,235,431,In,K,,
0,215,571,In,K,,
0,207,610,In,K,,
0,318,311,In,K,,
0,336,429,In,K,,
0,356,566,In,K,,
0,356,603,In,K,,
16,275,273,In,K,,
0,274,253,In,K,,
0,267,149,In,K,,
0,259,88,In,K,,
0,212,181,In,K,,
0,200,270,In,K,,
0,198,353,In,K,,
0,199,385,In,K,,
0,323,173,In,K,,
0,354,263,In,K,,
0,366,350,In,K,,
0,368,379,In,K,,
0,250,299,In,K,,
0,256,413,In,K,,
0,289,494,In,K,,
0,290,519,In,K,,
0,303,297,In,K,,
0,324,410,In,K,,
0,306,526,In,K,,
0,308,556,In,K,,
17,279,262,In,K,,
0,279,243,In,K,,
0,273,146,In,K,,
0,265,94,In,K,,
0,224,175,In,K,,
0,205,259,In,K,,
0,204,339,In,K,,
0,205,367,In,K,,
0,325,173,In,K,,
0,353,257,In,K,,
0,363,338,In,K,,
0,364,366,In,K,,
0,256,286,In,K,,
0,258,396,In,K,,
0,277,483,In,K,,
0,276,506,In,K,,
0,305,285,In,K,,
0,322,398,In,K,,
0,312,485,In,K,,
0,312,509,In,K,,
18,303,256,In,K,,
0,304,239,In,K,,
0,303,150,In,K,,
0,294,99,In,K,,
0,253,178,In,K,,
0,236,253,In,K,,K
0,235,329,In,K,,
0,236,355,In,K,,
0,350,173,In,K,,
0,374,256,In,K,,
0,376,334,In,K,,
0,375,361,In,K,,
0,279,278,In,K,,
0,276,389,In,K,,
0,283,465,In,K,,
0,265,480,In,K,,
0,326,279,In,K,,
0,337,391,In,K,,
0,327,458,In,K,,
0,336,476,In,K,,
19,305,262,In,K,,
0,306,245,In,K,,
0,304,154,In,K,,
0,297,103,In,K,,
0,253,185,In,K,,
0,238,262,In,K,,
0,239,336,In,K,,
0,238,362,In,K,,
0,353,180,In,K,,
0,373,258,In,K,,
0,376,331,In,K,,
0,375,356,In,K,,
0,283,286,In,K,,
0,285,398,In,K,,
0,288,459,In,K,,
0,274,477,In,K,,
0,328,284,In,K,,
0,339,394,In,K,,
0,327,457,In,K,,
0,340,474,In,K,,
20,301,269,In,K,,
0,303,251,In,K,,
0,298,162,In,K,,
0,282,107,In,K,,
0,251,190,In,K,,
0,237,268,In,K,,
0,233,329,In,K,,
0,233,354,In,K,,
0,348,183,In,K,,
0,372,266,In,K,,
0,375,334,In,K,,
0,374,360,In,K,,
0,280,292,In,K,,
0,271,401,In,K,,
0,270,477,In,K,,
0,265,499,In,K,,
0,323,290,In,K,,
0,333,398,In,K,,
0,326,465,In,K,,
0,349,466,In,K,,
21,237,271,In,K,,
0,238,253,In,K,,
0,233,161,In,K,,
0,225,109,In,K,,
0,180,194,In,K,,
0,164,271,In,K,,
0,163,335,In,K,,
0,164,361,In,K,,
0,282,187,In,K,,
0,299,268,In,K,,
0,305,332,In,K,,
0,304,359,In,K,,
0,216,295,In,K,,
0,211,406,In,K,,
0,223,469,In,K,,
0,205,460,In,K,,
0,260,292,In,K,,
0,274,412,In,K,,
0,286,485,In,K,,
0,285,506,In,K,,
22,218,270,In,K,,
0,217,253,In,K,,
0,211,162,In,K,,
0,201,109,In,K,,
0,161,192,In,K,,
0,145,266,In,K,,
0,146,331,In,K,,
0,145,352,In,K,,
0,260,185,In,K,,
0,282,267,In,K,,
0,285,336,In,K,,
0,286,363,In,K,,
0,197,294,In,K,,
0,207,409,In,K,,
0,215,471,In,K,,
0,196,463,In,K,,
0,241,291,In,K,,
0,233,411,In,K,,
0,248,483,In,K,,
0,246,504,In,K,,
23,143,273,In,K,,
0,144,257,In,K,,
0,138,170,In,K,,
0,132,116,In,K,,
0,85,204,In,K,,
0,65,273,In,K,,
0,58,339,In,K,,
0,53,353,In,K,,
0,189,194,In,K,,
0,208,269,In,K,,
0,217,334,In,K,,
0,220,360,In,K,,
0,121,299,In,K,,
0,119,386,In,K,,
0,201,445,In,K,,
0,217,464,In,K,,
0,167,294,In,K,,
0,198,379,In,K,,
0,206,449,In,K,,
0,204,470,In,K,,
24,86,264,In,K,,
0,87,249,In,K,,
0,81,162,In,K,,
0,76,111,In,K,,
0,35,188,In,K,,
0,29,253,In,K,,
0,18,309,In,K,,
0,14,328,In,K,,
0,131,187,In,K,,
0,148,264,In,K,,
0,150,328,In,K,,
0,149,355,In,K,,
0,66,286,In,K,,
0,72,379,In,K,,
0,153,438,In,K,,
0,172,456,In,K,,
0,108,283,In,K,,
0,130,374,In,K,,
0,139,443,In,K,,
0,139,463,In,K,,
25,85,266,In,K,,
0,86,250,In,K,,
0,80,162,In,K,,
0,75,111,In,K,,
0,35,190,In,K,,
0,27,255,In,K,,
0,17,312,In,K,,
0,13,332,In,K,,
0,130,188,In,K,,
0,147,264,In,K,,
0,148,328,In,K,,
0,147,355,In,K,,
0,65,287,In,K,,
0,71,375,In,K,,
0,153,435,In,K,,
0,172,452,In,K,,
0,107,285,In,K,,
0,128,375,In,K,,
0,136,445,In,K,,
0,136,465,In,K,,
26,86,266,In,K,,
0,86,251,In,K,,
0,80,163,In,K,,
0,76,112,In,K,,
0,35,192,In,K,,
0,28,256,In,K,,
0,36,320,In,K,,
0,32,341,In,K,,
0,131,188,In,K,,
0,147,264,In,K,,
0,147,328,In,K,,
0,147,355,In,K,,
0,65,287,In,K,,
0,73,377,In,K,,
0,156,437,In,K,,
0,174,455,In,K,,
0,107,285,In,K,,
0,129,373,In,K,,
0,137,444,In,K,,
0,137,463,In,K,,
27,85,268,In,K,,
0,84,252,In,K,,
0,79,164,In,K,,
0,69,111,In,K,,
0,33,191,In,K,,
0,29,256,In,K,,
0,39,322,In,K,,
0,36,343,In,K,,
0,128,187,In,K,,
0,148,264,In,K,,
0,153,326,In,K,,
0,158,353,In,K,,
0,65,289,In,K,,
0,25,359,In,K,,
0,-21,437,In,K,,
0,-26,457,In,K,,
0,107,286,In,K,,
0,128,374,In,K,,
0,137,444,In,K,,
0,139,463,In,K,,
28,140,272,In,K,,
0,140,255,In,K,,
0,131,167,In,K,,
0,123,115,In,K,,
0,82,197,In,K,,
0,66,268,In,K,,
0,63,332,In,K,,
0,62,352,In,K,,
0,183,192,In,K,,
0,206,267,In,K,,
0,215,329,In,K,,
0,211,356,In,K,,
0,119,295,In,K,,
0,76,361,In,K,,
0,139,364,In,K,,
0,136,381,In,K,,
0,164,292,In,K,,
0,197,373,In,K,,
0,200,445,In,K,,
0,200,465,In,K,,
29,184,270,In,K,,
0,184,253,In,K,,
0,178,164,In,K,,
0,173,111,In,K,,
0,127,197,In,K,,
0,110,269,In,K,,
0,110,332,In,K,,
0,110,360,In,K,,
0,227,188,In,K,,
0,244,268,In,K,,
0,246,330,In,K,,
0,245,357,In,K,,
0,162,294,In,K,,
0,144,380,In,K,,
0,209,373,In,K,,
0,209,398,In,K,,
0,209,291,In,K,,
0,212,384,In,K,,
0,207,476,In,K,,
0,206,497,In,K,,
30,232,276,In,K,,
0,231,258,In,K,,
0,226,165,In,K,,
0,220,112,In,K,,
0,172,196,In,K,,
0,155,272,In,K,,
0,151,337,In,K,,
0,151,356,In,K,,
0,276,193,In,K,,
0,296,272,In,K,,
0,303,336,In,K,,
0,300,355,In,K,,
0,209,301,In,K,,
0,202,393,In,K,,
0,215,479,In,K,,
0,213,500,In,K,,
0,256,298,In,K,,
0,277,403,In,K,,
0,289,482,In,K,,
0,290,504,In,K,,
31,284,275,In,K,,
0,285,256,In,K,,
0,283,161,In,K,,
0,273,109,In,K,,
0,229,195,In,K,,
0,217,272,In,K,,
0,216,337,In,K,,
0,216,364,In,K,,
0,332,190,In,K,,
0,352,270,In,K,,
0,354,335,In,K,,
0,353,355,In,K,,
0,261,300,In,K,,
0,254,411,In,K,,
0,256,489,In,K,,
0,253,511,In,K,,
0,307,297,In,K,,
0,321,394,In,K,,
0,320,463,In,K,,
0,319,484,In,K,,
32,331,273,In,K,,
0,329,255,In,K,,
0,328,160,In,K,,
0,324,107,In,K,,
0,274,192,In,K,,
0,256,270,In,K,,
0,259,335,In,K,,
0,262,362,In,K,,
0,374,190,In,K,,
0,392,267,In,K,,
0,399,330,In,K,,
0,405,356,In,K,,
0,309,297,In,K,,
0,300,398,In,K,,
0,304,477,In,K,,
0,306,498,In,K,,
0,354,295,In,K,,
0,378,409,In,K,,
0,390,479,In,K,,
0,396,499,In,K,,
33,425,274,In,K,,
0,423,256,In,K,,
0,425,160,In,K,,
0,416,109,In,K,,
0,371,195,In,K,,
0,359,273,In,K,,
0,358,337,In,K,,
0,358,364,In,K,,
0,475,191,In,K,,
0,494,271,In,K,,
0,500,335,In,K,,
0,498,361,In,K,,
0,402,299,In,K,,
0,392,406,In,K,,
0,378,487,In,K,,
0,380,510,In,K,,
0,448,297,In,K,,
0,461,396,In,K,,
0,461,478,In,K,,
0,466,499,In,K,,
34,448,270,In,K,,
0,446,252,In,K,,
0,447,157,In,K,,
0,442,107,In,K,,
0,396,191,In,K,,
0,382,267,In,K,,
0,385,331,In,K,,
0,386,358,In,K,,
0,499,188,In,K,,
0,514,264,In,K,,
0,521,328,In,K,,
0,520,355,In,K,,
0,426,294,In,K,,
0,438,407,In,K,,
0,436,475,In,K,,
0,427,461,In,K,,
0,472,293,In,K,,
0,477,403,In,K,,
0,474,476,In,K,,
0,480,497,In,K,,
35,473,267,In,K,,
0,471,250,In,K,,
0,475,156,In,K,,
0,469,106,In,K,,
0,424,187,In,K,,
0,411,266,In,K,,
0,411,331,In,K,,
0,409,358,In,K,,
0,526,187,In,K,,
0,543,262,In,K,,
0,545,327,In,K,,
0,541,354,In,K,,
0,450,291,In,K,,
0,448,399,In,K,,
0,447,468,In,K,,
0,430,453,In,K,,
0,495,290,In,K,,
0,500,400,In,K,,
0,494,471,In,K,,
0,494,450,In,K,,
36,482,269,In,K,,
0,481,251,In,K,,
0,489,155,In,K,,
0,483,104,In,K,,
0,435,188,In,K,,
0,418,266,In,K,,
0,415,333,In,K,,
0,414,361,In,K,,
0,540,188,In,K,,
0,556,264,In,K,,
0,555,329,In,K,,
0,550,357,In,K,,
0,458,292,In,K,,
0,462,414,In,K,,
0,457,498,In,K,,
0,462,520,In,K,,
0,504,292,In,K,,
0,507,402,In,K,,
0,495,468,In,K,,
0,504,451,In,K,,
37,485,272,In,K,,
0,484,253,In,K,,
0,493,154,In,K,,
0,487,102,In,K,,
0,437,187,In,K,,
0,419,268,In,K,,
0,414,332,In,K,,
0,413,360,In,K,,
0,544,189,In,K,,
0,560,267,In,K,,
0,557,334,In,K,,
0,550,361,In,K,,
0,460,295,In,K,,
0,463,415,In,K,,
0,455,507,In,K,,
0,459,533,In,K,,
0,507,296,In,K,,
0,510,402,In,K,,
0,495,465,In,K,,
0,512,452,In,K,,
38,493,281,In,K,,
0,489,259,In,K,,
0,493,142,In,K,,
0,490,83,In,K,,
0,434,182,In,K,,
0,415,271,In,K,,
0,419,349,In,K,,
0,422,384,In,K,,
0,554,184,In,K,,
0,573,276,In,K,,
0,578,361,In,K,,
0,579,396,In,K,,
0,467,308,In,K,,
0,463,428,In,K,,
0,462,528,In,K,,
0,469,556,In,K,,
0,520,308,In,K,,
0,529,435,In,K,,
0,539,558,In,K,,
0,552,591,In,K,,
39,533,292,In,K,,
0,533,266,In,K,,
0,542,134,In,K,,
0,535,68,In,K,,
0,470,176,In,K,,
0,449,281,In,K,,
0,443,368,In,K,,
0,440,405,In,K,,
0,605,177,In,K,,
0,619,277,In,K,,
0,622,366,In,K,,
0,633,395,In,K,,
0,502,320,In,K,,
0,497,440,In,K,,
0,493,583,In,K,,
0,496,620,In,K,,
0,563,322,In,K,,
0,575,443,In,K,,
0,591,591,In,K,,
0,600,633,In,K,,
40,540,302,In,K,,
0,543,273,In,K,,
0,557,125,In,K,,
0,564,50,In,K,,
0,486,171,In,K,,
0,455,289,In,K,,
0,441,386,In,K,,
0,436,429,In,K,,
0,612,146,In,K,,
0,613,250,In,K,,
0,617,364,In,K,,
0,623,405,In,K,,
0,509,328,In,K,,
0,485,489,In,K,,
0,466,635,In,K,,
0,464,681,In,K,,
0,568,330,In,K,,
0,594,487,In,K,,
0,620,622,In,K,,
0,627,667,In,K,,
41,522,314,In,K,,
0,523,281,In,K,,
0,541,114,In,K,,
0,537,38,In,K,,
0,460,171,In,K,,
0,428,284,In,K,,
0,436,403,In,K,,
0,445,443,In,K,,
0,602,171,In,K,,
0,602,294,In,K,,
0,623,457,In,K,,
0,624,497,In,K,,
0,486,342,In,K,,
0,447,510,In,K,,
0,416,647,In,K,,
0,415,698,In,K,,
0,554,348,In,K,,
0,593,528,In,K,,
0,629,684,In,K,,
0,644,742,In,K,,
42,513,328,In,K,,
0,516,293,In,K,,
0,541,116,In,K,,
0,534,36,In,K,,
0,471,173,In,K,,
0,427,284,In,K,,
0,428,404,In,K,,
0,430,445,In,K,,
0,599,177,In,K,,
0,598,307,In,K,,
0,626,461,In,K,,
0,627,503,In,K,,
0,480,350,In,K,,
0,431,513,In,K,,
0,395,641,In,K,,
0,390,690,In,K,,
0,541,362,In,K,,
0,589,550,In,K,,
0,633,716,In,K,,
0,647,780,In,K,,
43,468,315,In,K,,
0,466,282,In,K,,
0,472,115,In,K,,
0,444,38,In,K,,
0,374,180,In,K,,
0,348,297,In,K,,
0,345,425,In,K,,
0,346,468,In,K,,
0,568,172,In,K,,
0,601,299,In,K,,
0,620,431,In,K,,
0,614,447,In,K,,
0,425,357,In,K,,
0,355,528,In,K,,
0,298,669,In,K,,
0,292,725,In,K,,
0,510,360,In,K,,
0,571,542,In,K,,
0,626,699,In,K,,
0,647,762,In,K,,
44,400,312,In,K,,
0,396,278,In,K,,
0,391,112,In,K,,
0,369,32,In,K,,
0,302,176,In,K,,
0,269,297,In,K,,
0,261,422,In,K,,
0,259,464,In,K,,
0,485,168,In,K,,
0,528,294,In,K,,
0,533,423,In,K,,
0,525,465,In,K,,
0,361,355,In,K,,
0,315,529,In,K,,
0,280,669,In,K,,
0,276,725,In,K,,
0,443,353,In,K,,
0,498,537,In,K,,
0,546,696,In,K,,
0,564,758,In,K,,
45,387,311,In,K,,
0,388,277,In,K,,
0,390,112,In,K,,
0,368,33,In,K,,
0,298,175,In,K,,
0,269,293,In,K,,
0,264,410,In,K,,
0,257,462,In,K,,
0,483,169,In,K,,
0,511,302,In,K,,
0,506,427,In,K,,
0,546,433,In,K,,
0,346,352,In,K,,
0,289,517,In,K,,
0,243,651,In,K,,
0,234,704,In,K,,
0,427,352,In,K,,
0,465,523,In,K,,
0,497,662,In,K,,
0,507,717,In,K,,
46,335,305,In,K,,
0,335,275,In,K,,
0,335,125,In,K,,
0,317,49,In,K,,
0,251,179,In,K,,
0,229,295,In,K,,
0,230,405,In,K,,
0,232,455,In,K,,
0,416,171,In,K,,
0,447,295,In,K,,
0,447,405,In,K,,
0,478,405,In,K,,
0,298,344,In,K,,
0,271,494,In,K,,
0,250,613,In,K,,
0,244,657,In,K,,
0,371,342,In,K,,
0,413,499,In,K,,
0,448,633,In,K,,
0,456,681,In,K,,
47,327,302,In,K,,
0,326,272,In,K,,
0,323,125,In,K,,
0,307,49,In,K,,
0,246,175,In,K,,
0,223,294,In,K,,
0,223,399,In,K,,
0,224,446,In,K,,
0,401,169,In,K,,
0,436,291,In,K,,
0,438,397,In,K,,
0,468,398,In,K,,
0,293,339,In,K,,
0,269,492,In,K,,
0,249,618,In,K,,
0,244,663,In,K,,
0,362,336,In,K,,
0,419,494,In,K,,
0,471,634,In,K,,
0,481,683,In,K,,
48,329,301,In,K,,
0,330,273,In,K,,
0,327,131,In,K,,
0,309,53,In,K,,
0,255,181,In,K,,
0,234,292,In,K,,
0,232,389,In,K,,
0,234,432,In,K,,
0,401,170,In,K,,
0,435,290,In,K,,
0,436,392,In,K,,
0,465,392,In,K,,
0,297,336,In,K,,
0,278,485,In,K,,
0,261,611,In,K,,
0,256,653,In,K,,
0,363,333,In,K,,
0,415,481,In,K,,
0,460,608,In,K,,
0,467,651,In,K,,
49,348,291,In,K,,
0,349,264,In,K,,
0,351,132,In,K,,
0,333,60,In,K,,
0,280,176,In,K,,
0,261,285,In,K,,
0,258,374,In,K,,
0,259,413,In,K,,
0,420,169,In,K,,
0,445,284,In,K,,
0,443,377,In,K,,
0,441,408,In,K,,
0,316,322,In,K,,
0,315,445,In,K,,
0,314,587,In,K,,
0,310,628,In,K,,
0,379,322,In,K,,
0,386,443,In,K,,
0,393,582,In,K,,
0,394,623,In,K,,
50,331,288,In,K,,
0,332,263,In,K,,
0,329,137,In,K,,
0,316,69,In,K,,
0,263,184,In,K,,
0,245,285,In,K,,
0,246,372,In,K,,
0,250,410,In,K,,
0,394,172,In,K,,
0,421,279,In,K,,
0,423,369,In,K,,
0,420,407,In,K,,
0,301,319,In,K,,
0,301,438,In,K,,
0,301,567,In,K,,
0,298,602,In,K,,
0,363,317,In,K,,
0,370,441,In,K,,
0,379,580,In,K,,
0,381,617,In,K,,
51,330,288,In,K,,
0,331,264,In,K,,
0,328,138,In,K,,
0,314,70,In,K,,
0,262,184,In,K,,
0,244,284,In,K,,
0,244,370,In,K,,
0,246,408,In,K,,
0,393,173,In,K,,
0,420,280,In,K,,
0,422,369,In,K,,
0,419,407,In,K,,
0,300,319,In,K,,
0,299,437,In,K,,
0,297,567,In,K,,
0,294,601,In,K,,
0,361,318,In,K,,
0,369,442,In,K,,
0,378,578,In,K,,
0,379,614,In,K,,
52,330,288,In,K,,
0,331,264,In,K,,
0,328,138,In,K,,
0,314,70,In,K,,
0,263,184,In,K,,
0,245,284,In,K,,
0,244,370,In,K,,
0,245,408,In,K,,
0,394,173,In,K,,
0,420,280,In,K,,
0,421,369,In,K,,
0,418,407,In,K,,
0,300,319,In,K,,
0,303,439,In,K,,
0,305,572,In,K,,
0,302,607,In,K,,
0,361,318,In,K,,
0,368,442,In,K,,
0,377,577,In,K,,
0,378,614,In,K,,
53,298,291,In,K,,
0,300,266,In,K,,
0,299,140,In,K,,
0,285,71,In,K,,
0,230,187,In,K,,
0,212,288,In,K,,
0,207,374,In,K,,
0,207,412,In,K,,
0,363,175,In,K,,
0,390,285,In,K,,
0,390,375,In,K,,
0,386,414,In,K,,
0,268,323,In,K,,
0,252,437,In,K,,
0,234,569,In,K,,
0,226,606,In,K,,
0,329,321,In,K,,
0,341,441,In,K,,
0,354,576,In,K,,
0,354,611,In,K,,
54,239,288,In,K,,
0,240,264,In,K,,
0,233,142,In,K,,
0,216,73,In,K,,
0,169,186,In,K,,
0,148,269,In,K,,
0,145,354,In,K,,
0,139,381,In,K,,
0,296,175,In,K,,
0,323,281,In,K,,
0,321,370,In,K,,
0,332,397,In,K,,
0,209,319,In,K,,
0,219,441,In,K,,
0,229,571,In,K,,
0,223,605,In,K,,
0,270,316,In,K,,
0,269,441,In,K,,
0,268,578,In,K,,
0,264,614,In,K,,
55,212,283,In,K,,
0,212,262,In,K,,
0,200,142,In,K,,
0,191,74,In,K,,
0,136,188,In,K,,
0,113,268,In,K,,
0,111,354,In,K,,
0,104,381,In,K,,
0,267,177,In,K,,
0,291,280,In,K,,
0,298,370,In,K,,
0,307,396,In,K,,
0,181,314,In,K,,
0,198,436,In,K,,
0,213,555,In,K,,
0,209,588,In,K,,
0,246,313,In,K,,
0,253,440,In,K,,
0,259,577,In,K,,
0,257,613,In,K,,
56,157,274,In,K,,
0,158,253,In,K,,
0,148,138,In,K,,
0,145,70,In,K,,
0,84,179,In,K,,
0,57,260,In,K,,
0,47,348,In,K,,
0,42,376,In,K,,
0,216,174,In,K,,
0,234,267,In,K,,
0,237,356,In,K,,
0,218,378,In,K,,
0,125,306,In,K,,
0,150,432,In,K,,
0,171,550,In,K,,
0,167,583,In,K,,
0,191,300,In,K,,
0,216,421,In,K,,
0,245,568,In,K,,
0,245,606,In,K,,
57,154,275,In,K,,
0,155,255,In,K,,
0,143,140,In,K,,
0,137,73,In,K,,
0,78,187,In,K,,
0,55,267,In,K,,
0,48,354,In,K,,
0,47,383,In,K,,
0,211,175,In,K,,
0,230,268,In,K,,
0,235,357,In,K,,
0,216,379,In,K,,
0,123,308,In,K,,
0,146,434,In,K,,
0,167,553,In,K,,
0,161,586,In,K,,
0,188,301,In,K,,
0,223,417,In,K,,
0,183,515,In,K,,
0,195,476,In,K,,
58,153,274,In,K,,
0,154,254,In,K,,
0,143,140,In,K,,
0,137,72,In,K,,
0,78,187,In,K,,
0,55,267,In,K,,
0,50,354,In,K,,
0,37,380,In,K,,
0,209,175,In,K,,
0,229,267,In,K,,
0,239,354,In,K,,
0,249,358,In,K,,
0,122,308,In,K,,
0,146,432,In,K,,
0,166,549,In,K,,
0,161,582,In,K,,
0,187,300,In,K,,
0,216,430,In,K,,
0,242,551,In,K,,
0,241,585,In,K,,
59,198,281,In,K,,
0,197,259,In,K,,
0,184,144,In,K,,
0,169,75,In,K,,
0,116,188,In,K,,
0,99,270,In,K,,
0,90,357,In,K,,
0,82,384,In,K,,
0,249,178,In,K,,
0,276,283,In,K,,
0,290,369,In,K,,
0,296,368,In,K,,
0,168,311,In,K,,
0,187,428,In,K,,
0,205,547,In,K,,
0,202,579,In,K,,
0,233,310,In,K,,
0,238,432,In,K,,
0,243,571,In,K,,
0,242,606,In,K,,
60,229,286,In,K,,
0,230,263,In,K,,
0,220,143,In,K,,
0,207,74,In,K,,
0,154,189,In,K,,
0,134,273,In,K,,
0,133,360,In,K,,
0,124,387,In,K,,
0,287,179,In,K,,
0,314,284,In,K,,
0,319,375,In,K,,
0,318,407,In,K,,
0,200,317,In,K,,
0,216,441,In,K,,
0,231,568,In,K,,
0,228,602,In,K,,
0,262,315,In,K,,
0,262,441,In,K,,
0,261,567,In,K,,
0,259,602,In,K,,
61,252,288,In,K,,
0,252,264,In,K,,
0,244,140,In,K,,
0,235,70,In,K,,
0,177,187,In,K,,
0,156,275,In,K,,
0,156,362,In,K,,
0,147,389,In,K,,
0,311,178,In,K,,
0,337,284,In,K,,
0,341,377,In,K,,
0,340,413,In,K,,
0,223,320,In,K,,
0,223,441,In,K,,
0,222,576,In,K,,
0,218,612,In,K,,
0,283,317,In,K,,
0,292,447,In,K,,
0,301,583,In,K,,
0,302,619,In,K,,
62,282,291,In,K,,
0,283,267,In,K,,
0,280,140,In,K,,
0,265,72,In,K,,
0,213,188,In,K,,
0,191,290,In,K,,
0,188,377,In,K,,
0,182,405,In,K,,
0,345,178,In,K,,
0,374,289,In,K,,
0,377,382,In,K,,
0,381,417,In,K,,
0,254,323,In,K,,
0,240,442,In,K,,
0,224,577,In,K,,
0,218,613,In,K,,
0,311,320,In,K,,
0,339,447,In,K,,
0,365,572,In,K,,
0,367,607,In,K,,
63,332,289,In,K,,
0,333,264,In,K,,
0,332,137,In,K,,
0,318,69,In,K,,
0,265,187,In,K,,
0,249,285,In,K,,
0,247,370,In,K,,
0,244,407,In,K,,
0,398,177,In,K,,
0,425,284,In,K,,
0,427,371,In,K,,
0,426,407,In,K,,
0,303,320,In,K,,
0,288,440,In,K,,
0,271,576,In,K,,
0,265,611,In,K,,
0,362,319,In,K,,
0,374,440,In,K,,
0,388,569,In,K,,
0,389,604,In,K,,
64,340,288,In,K,,
0,341,264,In,K,,
0,340,138,In,K,,
0,329,70,In,K,,
0,271,187,In,K,,
0,254,286,In,K,,
0,252,371,In,K,,
0,250,408,In,K,,
0,405,178,In,K,,
0,430,284,In,K,,
0,431,371,In,K,,
0,430,407,In,K,,
0,310,319,In,K,,
0,320,444,In,K,,
0,331,573,In,K,,
0,330,608,In,K,,
0,370,318,In,K,,
0,378,442,In,K,,
0,387,572,In,K,,
0,389,607,In,K,,
65,371,288,In,K,,
0,371,264,In,K,,
0,373,138,In,K,,
0,362,70,In,K,,
0,302,185,In,K,,
0,283,291,In,K,,
0,279,378,In,K,,
0,279,416,In,K,,
0,441,179,In,K,,
0,465,287,In,K,,
0,472,382,In,K,,
0,473,416,In,K,,
0,341,321,In,K,,
0,332,439,In,K,,
0,321,576,In,K,,
0,321,612,In,K,,
0,402,319,In,K,,
0,424,446,In,K,,
0,448,577,In,K,,
0,455,613,In,K,,
66,450,285,In,K,,
0,448,261,In,K,,
0,452,132,In,K,,
0,440,64,In,K,,
0,383,181,In,K,,
0,368,283,In,K,,
0,370,370,In,K,,
0,368,408,In,K,,
0,520,176,In,K,,
0,547,282,In,K,,
0,550,370,In,K,,
0,547,407,In,K,,
0,420,317,In,K,,
0,410,439,In,K,,
0,400,583,In,K,,
0,402,621,In,K,,
0,480,316,In,K,,
0,494,442,In,K,,
0,509,572,In,K,,
0,518,608,In,K,,
67,467,284,In,K,,
0,465,259,In,K,,
0,471,130,In,K,,
0,465,66,In,K,,
0,402,176,In,K,,
0,380,281,In,K,,
0,378,367,In,K,,
0,377,405,In,K,,
0,539,175,In,K,,
0,560,278,In,K,,
0,562,369,In,K,,
0,559,406,In,K,,
0,437,315,In,K,,
0,435,444,In,K,,
0,435,574,In,K,,
0,439,611,In,K,,
0,497,315,In,K,,
0,504,441,In,K,,
0,514,573,In,K,,
0,523,610,In,K,,
68,466,285,In,K,,
0,464,260,In,K,,
0,470,130,In,K,,
0,463,67,In,K,,
0,402,177,In,K,,
0,380,280,In,K,,
0,375,366,In,K,,
0,374,404,In,K,,
0,537,176,In,K,,
0,559,279,In,K,,
0,559,371,In,K,,
0,556,408,In,K,,
0,436,315,In,K,,
0,434,446,In,K,,
0,433,573,In,K,,
0,437,610,In,K,,
0,496,315,In,K,,
0,502,440,In,K,,
0,510,579,In,K,,
0,519,616,In,K,,
69,465,284,In,K,,
0,465,260,In,K,,
0,470,131,In,K,,
0,453,63,In,K,,
0,400,179,In,K,,
0,384,279,In,K,,
0,381,367,In,K,,
0,381,404,In,K,,
0,538,171,In,K,,
0,566,280,In,K,,
0,568,372,In,K,,
0,567,412,In,K,,
0,434,314,In,K,,
0,434,439,In,K,,
0,434,568,In,K,,
0,436,603,In,K,,
0,496,314,In,K,,
0,506,442,In,K,,
0,517,579,In,K,,
0,524,616,In,K,,
70,474,285,In,K,,
0,474,260,In,K,,
0,480,130,In,K,,
0,465,66,In,K,,
0,411,177,In,K,,
0,392,279,In,K,,
0,387,365,In,K,,
0,386,403,In,K,,
0,549,172,In,K,,
0,575,281,In,K,,
0,577,374,In,K,,
0,574,413,In,K,,
0,443,315,In,K,,
0,438,441,In,K,,
0,435,566,In,K,,
0,435,601,In,K,,
0,505,316,In,K,,
0,512,441,In,K,,
0,522,581,In,K,,
0,527,619,In,K,,
71,479,285,In,K,,
0,480,261,In,K,,
0,486,131,In,K,,
0,471,62,In,K,,
0,415,178,In,K,,
0,396,281,In,K,,
0,392,368,In,K,,
0,390,406,In,K,,
0,554,173,In,K,,
0,582,282,In,K,,
0,582,376,In,K,,
0,579,416,In,K,,
0,447,316,In,K,,
0,442,443,In,K,,
0,438,569,In,K,,
0,438,605,In,K,,
0,510,317,In,K,,
0,518,442,In,K,,
0,530,586,In,K,,
0,535,624,In,K,,
72,478,286,In,K,,
0,479,261,In,K,,
0,485,130,In,K,,
0,471,62,In,K,,
0,415,178,In,K,,
0,395,280,In,K,,
0,391,368,In,K,,
0,389,406,In,K,,
0,553,173,In,K,,
0,580,282,In,K,,
0,581,376,In,K,,
0,577,416,In,K,,
0,446,315,In,K,,
0,441,443,In,K,,
0,436,568,In,K,,
0,437,604,In,K,,
0,509,317,In,K,,
0,514,443,In,K,,
0,521,585,In,K,,
0,527,623,In,K,,
73,476,285,In,K,,
0,476,261,In,K,,
0,483,130,In,K,,
0,469,65,In,K,,
0,413,178,In,K,,
0,393,280,In,K,,
0,388,368,In,K,,
0,387,406,In,K,,
0,551,173,In,K,,
0,577,282,In,K,,
0,578,376,In,K,,
0,573,415,In,K,,
0,444,315,In,K,,
0,439,444,In,K,,
0,435,568,In,K,,
0,435,603,In,K,,
0,507,317,In,K,,
0,513,444,In,K,,
0,521,584,In,K,,
0,527,622,In,K,,
74,475,286,In,K,,
0,475,262,In,K,,
0,482,130,In,K,,
0,467,65,In,K,,
0,411,178,In,K,,
0,392,280,In,K,,
0,386,367,In,K,,
0,386,405,In,K,,
0,550,173,In,K,,
0,576,283,In,K,,
0,576,376,In,K,,
0,572,416,In,K,,
0,443,316,In,K,,
0,438,444,In,K,,
0,434,568,In,K,,
0,435,603,In,K,,
0,505,317,In,K,,
0,512,443,In,K,,
0,521,584,In,K,,
0,527,622,In,K,,
75,473,286,In,K,,
0,474,262,In,K,,
0,481,130,In,K,,
0,466,66,In,K,,
0,411,178,In,K,,
0,390,280,In,K,,
0,385,368,In,K,,
0,385,405,In,K,,
0,549,173,In,K,,
0,574,283,In,K,,
0,574,376,In,K,,
0,570,416,In,K,,
0,441,315,In,K,,
0,437,444,In,K,,
0,435,567,In,K,,
0,436,603,In,K,,
0,503,317,In,K,,
0,511,444,In,K,,
0,522,583,In,K,,
0,528,621,In,K,,
76,472,286,In,K,,
0,473,261,In,K,,
0,481,130,In,K,,
0,466,66,In,K,,
0,410,176,In,K,,
0,390,280,In,K,,
0,385,367,In,K,,
0,384,405,In,K,,
0,548,173,In,K,,
0,573,282,In,K,,
0,573,376,In,K,,
0,569,415,In,K,,
0,440,315,In,K,,
0,436,444,In,K,,
0,434,566,In,K,,
0,434,601,In,K,,
0,502,317,In,K,,
0,511,444,In,K,,
0,522,582,In,K,,
0,528,620,In,K,,
77,472,286,In,K,,
0,473,261,In,K,,
0,480,130,In,K,,
0,465,64,In,K,,
0,410,176,In,K,,
0,390,279,In,K,,
0,385,366,In,K,,
0,385,404,In,K,,
0,548,173,In,K,,
0,573,282,In,K,,
0,573,376,In,K,,
0,569,415,In,K,,
0,440,315,In,K,,
0,436,443,In,K,,
0,434,566,In,K,,
0,434,601,In,K,,
0,502,317,In,K,,
0,511,444,In,K,,
0,522,581,In,K,,
0,527,619,In,K,,
78,471,286,In,K,,
0,472,261,In,K,,
0,480,130,In,K,,
0,465,64,In,K,,
0,410,176,In,K,,
0,390,279,In,K,,
0,385,366,In,K,,
0,385,404,In,K,,
0,547,173,In,K,,
0,572,282,In,K,,
0,572,375,In,K,,
0,569,415,In,K,,
0,439,315,In,K,,
0,436,443,In,K,,
0,433,565,In,K,,
0,434,600,In,K,,
0,501,317,In,K,,
0,510,444,In,K,,
0,520,580,In,K,,
0,526,617,In,K,,
79,470,286,In,K,,
0,471,262,In,K,,
0,479,130,In,K,,
0,464,63,In,K,,
0,408,177,In,K,,
0,389,279,In,K,,
0,384,367,In,K,,
0,384,405,In,K,,
0,546,173,In,K,,
0,571,282,In,K,,
0,571,376,In,K,,
0,568,415,In,K,,
0,438,316,In,K,,
0,434,443,In,K,,
0,431,564,In,K,,
0,432,599,In,K,,
0,500,318,In,K,,
0,510,444,In,K,,
0,521,580,In,K,,
0,527,617,In,K,,
80,470,287,In,K,,
0,470,262,In,K,,
0,478,130,In,K,,
0,464,65,In,K,,
0,408,177,In,K,,
0,388,279,In,K,,
0,384,367,In,K,,
0,384,405,In,K,,
0,546,173,In,K,,
0,571,282,In,K,,
0,571,376,In,K,,
0,568,416,In,K,,
0,437,317,In,K,,
0,434,443,In,K,,
0,431,565,In,K,,
0,431,599,In,K,,
0,500,318,In,K,,
0,509,444,In,K,,
0,519,580,In,K,,
0,525,618,In,K,,
81,470,287,In,K,,
0,470,262,In,K,,
0,478,130,In,K,,
0,464,65,In,K,,
0,408,177,In,K,,
0,388,279,In,K,,
0,384,367,In,K,,
0,384,405,In,K,,
0,546,173,In,K,,
0,571,282,In,K,,
0,571,376,In,K,,
0,568,416,In,K,,
0,437,317,In,K,,
0,434,443,In,K,,
0,431,565,In,K,,
0,431,600,In,K,,
0,500,318,In,K,,
0,509,444,In,K,,
0,519,580,In,K,,
0,525,618,In,K,,
82,470,288,In,K,,
0,470,263,In,K,,
0,478,130,In,K,,
0,465,66,In,K,,
0,408,178,In,K,,
0,388,280,In,K,,
0,384,367,In,K,,
0,383,405,In,K,,
0,546,173,In,K,,
0,571,282,In,K,,
0,571,377,In,K,,
0,568,416,In,K,,
0,437,318,In,K,,
0,433,443,In,K,,
0,430,565,In,K,,
0,430,600,In,K,,
0,500,319,In,K,,
0,509,444,In,K,,
0,520,581,In,K,,
0,525,619,In,K,,
83,470,288,In,K,,
0,470,263,In,K,,
0,478,130,In,K,,
0,465,65,In,K,,
0,408,177,In,K,,
0,388,280,In,K,,
0,383,368,In,K,,
0,382,405,In,K,,
0,546,173,In,K,,
0,571,282,In,K,,
0,570,377,In,K,,
0,567,416,In,K,,
0,437,318,In,K,,
0,433,443,In,K,,
0,430,564,In,K,,
0,430,599,In,K,,
0,500,319,In,K,,
0,509,444,In,K,,
0,519,581,In,K,,
0,525,619,In,K,,
84,469,288,In,K,,
0,470,263,In,K,,
0,478,130,In,K,,
0,464,62,In,K,,
0,407,176,In,K,,
0,387,280,In,K,,
0,382,368,In,K,,
0,382,406,In,K,,
0,545,174,In,K,,
0,570,283,In,K,,
0,569,377,In,K,,
0,566,417,In,K,,
0,436,317,In,K,,
0,433,443,In,K,,
0,430,564,In,K,,
0,430,600,In,K,,
0,499,319,In,K,,
0,508,444,In,K,,
0,520,581,In,K,,
0,525,619,In,K,,
85,469,288,In,K,,
0,469,263,In,K,,
0,477,130,In,K,,
0,464,61,In,K,,
0,407,176,In,K,,
0,387,280,In,K,,
0,382,367,In,K,,
0,382,404,In,K,,
0,545,174,In,K,,
0,569,283,In,K,,
0,569,377,In,K,,
0,566,417,In,K,,
0,436,317,In,K,,
0,432,443,In,K,,
0,430,564,In,K,,
0,430,599,In,K,,
0,499,319,In,K,,
0,508,444,In,K,,
0,520,581,In,K,,
0,526,619,In,K,,
86,468,288,In,K,,
0,469,264,In,K,,
0,477,130,In,K,,
0,464,65,In,K,,
0,407,176,In,K,,
0,387,279,In,K,,
0,381,367,In,K,,
0,381,405,In,K,,
0,544,174,In,K,,
0,569,283,In,K,,
0,569,378,In,K,,
0,566,417,In,K,,
0,436,318,In,K,,
0,432,443,In,K,,
0,429,564,In,K,,
0,429,600,In,K,,
0,499,320,In,K,,
0,509,444,In,K,,
0,522,581,In,K,,
0,528,620,In,K,,
87,468,288,In,K,,
0,469,264,In,K,,
0,477,130,In,K,,
0,463,65,In,K,,
0,407,176,In,K,,
0,386,280,In,K,,
0,381,367,In,K,,
0,381,405,In,K,,
0,544,174,In,K,,
0,568,283,In,K,,
0,568,378,In,K,,
0,565,417,In,K,,
0,436,318,In,K,,
0,432,443,In,K,,
0,429,564,In,K,,
0,429,600,In,K,,
0,498,320,In,K,,
0,508,444,In,K,,
0,521,581,In,K,,
0,527,619,In,K,,
,,,,,,
2,271,319,In,A,,
0,274,291,In,A,,
0,274,152,In,A,,
0,266,70,In,A,,
0,199,204,In,A,,
0,168,291,In,A,,
0,151,385,In,A,,
0,138,408,In,A,,
0,337,203,In,A,,
0,382,308,In,A,,
0,412,403,In,A,,
0,415,419,In,A,,
0,237,352,In,A,,
0,230,507,In,A,,
0,224,634,In,A,,
0,215,676,In,A,,
0,303,351,In,A,,
0,290,507,In,A,,
0,280,635,In,A,,
0,275,677,In,A,,
3,268,317,In,A,,
0,269,289,In,A,,
0,263,148,In,A,,
0,254,60,In,A,,
0,184,203,In,A,,
0,156,301,In,A,,
0,154,398,In,A,,
0,138,420,In,A,,
0,334,201,In,A,,
0,379,313,In,A,,
0,404,412,In,A,,
0,408,433,In,A,,
0,235,355,In,A,,
0,282,485,In,A,,
0,319,593,In,A,,
0,318,631,In,A,,
0,303,350,In,A,,
0,228,482,In,A,,
0,161,599,In,A,,
0,150,641,In,A,,
4,364,317,In,A,,
0,364,288,In,A,,
0,363,146,In,A,,
0,355,58,In,A,,
0,283,200,In,A,,
0,257,312,In,A,,
0,240,407,In,A,,
0,239,427,In,A,,
0,433,200,In,A,,
0,478,313,In,A,,
0,507,411,In,A,,
0,511,433,In,A,,
0,330,352,In,A,,
0,403,483,In,A,,
0,467,599,In,A,,
0,472,640,In,A,,
0,398,350,In,A,,
0,364,483,In,A,,
0,337,592,In,A,,
0,334,630,In,A,,
5,422,313,In,A,,
0,423,285,In,A,,
0,427,144,In,A,,
0,419,59,In,A,,
0,349,196,In,A,,
0,320,303,In,A,,
0,302,393,In,A,,
0,300,417,In,A,,
0,495,199,In,A,,
0,537,309,In,A,,
0,560,408,In,A,,
0,565,434,In,A,,
0,389,347,In,A,,
0,373,492,In,A,,
0,359,619,In,A,,
0,356,660,In,A,,
0,455,347,In,A,,
0,421,480,In,A,,
0,396,589,In,A,,
0,396,626,In,A,,
6,441,306,In,A,,
0,442,282,In,A,,
0,448,158,In,A,,
0,440,84,In,A,,
0,379,202,In,A,,
0,356,295,In,A,,
0,339,373,In,A,,
0,335,402,In,A,,
0,509,205,In,A,,
0,547,300,In,A,,
0,568,386,In,A,,
0,571,410,In,A,,
0,412,334,In,A,,
0,410,447,In,A,,
0,409,589,In,A,,
0,408,629,In,A,,
0,468,337,In,A,,
0,467,447,In,A,,
0,467,568,In,A,,
0,468,601,In,A,,
7,442,290,In,A,,
0,444,271,In,A,,
0,448,175,In,A,,
0,441,111,In,A,,
0,391,204,In,A,,
0,372,279,In,A,,
0,356,341,In,A,,
0,354,360,In,A,,
0,497,207,In,A,,
0,527,284,In,A,,
0,539,351,In,A,,
0,543,372,In,A,,
0,419,312,In,A,,
0,436,417,In,A,,
0,417,503,In,A,,
0,416,528,In,A,,
0,464,314,In,A,,
0,466,415,In,A,,
0,462,490,In,A,,
0,463,513,In,A,,
8,444,282,In,A,,
0,445,265,In,A,,
0,450,177,In,A,,
0,446,116,In,A,,
0,395,202,In,A,,
0,375,274,In,A,,
0,362,333,In,A,,
0,364,354,In,A,,
0,497,204,In,A,,
0,519,278,In,A,,
0,531,340,In,A,,
0,533,358,In,A,,
0,422,304,In,A,,
0,430,413,In,A,,
0,419,463,In,A,,
0,429,474,In,A,,
0,465,305,In,A,,
0,450,411,In,A,,
0,465,475,In,A,,
0,457,458,In,A,,
9,437,282,In,A,,
0,437,264,In,A,,
0,437,178,In,A,,
0,438,120,In,A,,
0,387,205,In,A,,
0,362,278,In,A,,
0,355,337,In,A,,
0,352,352,In,A,,
0,486,204,In,A,,
0,508,277,In,A,,
0,522,337,In,A,,
0,527,359,In,A,,
0,416,303,In,A,,
0,417,405,In,A,,
0,423,468,In,A,,
0,408,456,In,A,,
0,457,303,In,A,,
0,455,411,In,A,,
0,465,481,In,A,,
0,469,503,In,A,,
10,435,280,In,A,,
0,435,262,In,A,,
0,438,174,In,A,,
0,436,120,In,A,,
0,387,205,In,A,,
0,370,277,In,A,,
0,361,333,In,A,,
0,363,348,In,A,,
0,483,205,In,A,,
0,507,273,In,A,,
0,520,331,In,A,,
0,525,352,In,A,,
0,414,301,In,A,,
0,425,407,In,A,,
0,421,473,In,A,,
0,423,453,In,A,,
0,454,301,In,A,,
0,456,402,In,A,,
0,451,461,In,A,,
0,460,479,In,A,,
11,437,283,In,A,,
0,437,264,In,A,,
0,438,173,In,A,,
0,437,117,In,A,,
0,386,205,In,A,,
0,366,280,In,A,,
0,357,339,In,A,,
0,357,355,In,A,,
0,485,204,In,A,,
0,508,276,In,A,,
0,525,335,In,A,,
0,529,357,In,A,,
0,416,305,In,A,,
0,434,412,In,A,,
0,420,478,In,A,,
0,423,497,In,A,,
0,457,305,In,A,,
0,462,413,In,A,,
0,451,471,In,A,,
0,471,466,In,A,,
12,438,285,In,A,,
0,438,266,In,A,,
0,439,170,In,A,,
0,436,113,In,A,,
0,387,204,In,A,,
0,365,279,In,A,,
0,355,340,In,A,,
0,355,357,In,A,,
0,486,205,In,A,,
0,513,277,In,A,,
0,530,338,In,A,,
0,536,361,In,A,,
0,417,307,In,A,,
0,428,414,In,A,,
0,424,486,In,A,,
0,426,507,In,A,,
0,460,308,In,A,,
0,466,424,In,A,,
0,468,495,In,A,,
0,472,516,In,A,,
13,389,294,In,A,,
0,390,274,In,A,,
0,393,172,In,A,,
0,385,111,In,A,,
0,333,209,In,A,,
0,314,288,In,A,,
0,297,350,In,A,,
0,294,365,In,A,,
0,440,209,In,A,,
0,475,286,In,A,,
0,498,353,In,A,,
0,503,369,In,A,,
0,365,318,In,A,,
0,353,428,In,A,,
0,371,512,In,A,,
0,368,536,In,A,,
0,412,319,In,A,,
0,428,426,In,A,,
0,445,501,In,A,,
0,446,524,In,A,,
14,355,290,In,A,,
0,356,269,In,A,,
0,357,166,In,A,,
0,351,104,In,A,,
0,297,202,In,A,,
0,273,282,In,A,,
0,252,346,In,A,,
0,247,362,In,A,,
0,407,204,In,A,,
0,438,281,In,A,,
0,458,349,In,A,,
0,463,367,In,A,,
0,331,315,In,A,,
0,341,426,In,A,,
0,346,503,In,A,,
0,344,527,In,A,,
0,380,315,In,A,,
0,385,435,In,A,,
0,391,535,In,A,,
0,391,563,In,A,,
15,310,299,In,A,,
0,312,276,In,A,,
0,312,163,In,A,,
0,301,99,In,A,,
0,250,205,In,A,,
0,227,287,In,A,,
0,204,356,In,A,,
0,198,382,In,A,,
0,363,204,In,A,,
0,401,289,In,A,,
0,420,365,In,A,,
0,423,381,In,A,,
0,284,325,In,A,,
0,274,437,In,A,,
0,263,551,In,A,,
0,254,581,In,A,,
0,334,326,In,A,,
0,338,438,In,A,,
0,341,538,In,A,,
0,337,566,In,A,,
16,249,303,In,A,,
0,251,279,In,A,,
0,248,163,In,A,,
0,240,95,In,A,,
0,183,207,In,A,,
0,160,283,In,A,,
0,142,357,In,A,,
0,131,376,In,A,,
0,300,204,In,A,,
0,335,290,In,A,,
0,352,367,In,A,,
0,353,385,In,A,,
0,222,331,In,A,,
0,227,435,In,A,,
0,232,545,In,A,,
0,226,574,In,A,,
0,276,329,In,A,,
0,267,443,In,A,,
0,258,559,In,A,,
0,253,590,In,A,,
17,222,300,In,A,,
0,224,278,In,A,,
0,218,164,In,A,,
0,211,97,In,A,,
0,157,210,In,A,,
0,132,285,In,A,,
0,114,358,In,A,,
0,108,383,In,A,,
0,273,205,In,A,,
0,308,292,In,A,,
0,326,366,In,A,,
0,328,384,In,A,,
0,195,328,In,A,,
0,208,428,In,A,,
0,221,540,In,A,,
0,216,569,In,A,,
0,252,327,In,A,,
0,244,436,In,A,,
0,236,549,In,A,,
0,231,578,In,A,,
18,177,292,In,A,,
0,177,272,In,A,,
0,167,168,In,A,,
0,164,101,In,A,,
0,107,211,In,A,,
0,83,283,In,A,,
0,60,355,In,A,,
0,49,373,In,A,,
0,223,204,In,A,,
0,255,291,In,A,,
0,270,363,In,A,,
0,269,380,In,A,,
0,150,319,In,A,,
0,172,410,In,A,,
0,235,438,In,A,,
0,214,454,In,A,,
0,209,318,In,A,,
0,209,453,In,A,,
0,208,544,In,A,,
0,205,571,In,A,,
19,174,291,In,A,,
0,174,271,In,A,,
0,167,170,In,A,,
0,165,104,In,A,,
0,109,211,In,A,,
0,86,282,In,A,,
0,63,351,In,A,,
0,53,369,In,A,,
0,221,206,In,A,,
0,251,288,In,A,,
0,265,358,In,A,,
0,266,376,In,A,,
0,147,316,In,A,,
0,168,407,In,A,,
0,234,492,In,A,,
0,233,518,In,A,,
0,204,316,In,A,,
0,206,424,In,A,,
0,175,505,In,A,,
0,171,530,In,A,,
20,169,288,In,A,,
0,169,269,In,A,,
0,163,173,In,A,,
0,161,112,In,A,,
0,107,212,In,A,,
0,86,282,In,A,,
0,65,348,In,A,,
0,59,366,In,A,,
0,215,205,In,A,,
0,243,284,In,A,,
0,255,348,In,A,,
0,258,366,In,A,,
0,144,312,In,A,,
0,163,401,In,A,,
0,209,462,In,A,,
0,207,485,In,A,,
0,197,312,In,A,,
0,205,422,In,A,,
0,162,370,In,A,,
0,174,397,In,A,,
21,194,285,In,A,,
0,194,267,In,A,,
0,191,178,In,A,,
0,189,119,In,A,,
0,138,212,In,A,,
0,120,281,In,A,,
0,104,342,In,A,,
0,102,354,In,A,,
0,238,208,In,A,,
0,260,285,In,A,,
0,270,346,In,A,,
0,273,368,In,A,,
0,171,309,In,A,,
0,189,388,In,A,,
0,215,478,In,A,,
0,214,501,In,A,,
0,219,307,In,A,,
0,210,408,In,A,,
0,214,480,In,A,,
0,211,501,In,A,,
22,201,283,In,A,,
0,200,266,In,A,,
0,196,179,In,A,,
0,197,123,In,A,,
0,146,212,In,A,,
0,126,281,In,A,,
0,111,340,In,A,,
0,109,354,In,A,,
0,242,208,In,A,,
0,263,283,In,A,,
0,275,341,In,A,,
0,276,364,In,A,,
0,179,307,In,A,,
0,179,384,In,A,,
0,209,436,In,A,,
0,216,459,In,A,,
0,224,304,In,A,,
0,212,408,In,A,,
0,214,478,In,A,,
0,212,498,In,A,,
23,205,283,In,A,,
0,204,265,In,A,,
0,200,179,In,A,,
0,201,125,In,A,,
0,151,211,In,A,,
0,131,278,In,A,,
0,118,337,In,A,,
0,115,353,In,A,,
0,246,209,In,A,,
0,267,282,In,A,,
0,278,339,In,A,,
0,280,361,In,A,,
0,184,305,In,A,,
0,180,382,In,A,,
0,203,465,In,A,,
0,201,484,In,A,,
0,228,303,In,A,,
0,218,404,In,A,,
0,235,466,In,A,,
0,225,481,In,A,,
24,225,284,In,A,,
0,226,267,In,A,,
0,225,178,In,A,,
0,224,125,In,A,,
0,176,211,In,A,,
0,160,280,In,A,,
0,150,337,In,A,,
0,149,349,In,A,,
0,268,209,In,A,,
0,289,279,In,A,,
0,296,336,In,A,,
0,301,357,In,A,,
0,205,306,In,A,,
0,216,410,In,A,,
0,207,472,In,A,,
0,212,455,In,A,,
0,246,305,In,A,,
0,239,408,In,A,,
0,248,467,In,A,,
0,231,463,In,A,,
25,242,285,In,A,,
0,241,267,In,A,,
0,238,178,In,A,,
0,239,125,In,A,,
0,190,211,In,A,,
0,172,279,In,A,,
0,163,337,In,A,,
0,161,359,In,A,,
0,283,209,In,A,,
0,304,279,In,A,,
0,318,335,In,A,,
0,320,349,In,A,,
0,222,307,In,A,,
0,219,402,In,A,,
0,221,463,In,A,,
0,220,481,In,A,,
0,263,305,In,A,,
0,277,413,In,A,,
0,288,479,In,A,,
0,289,497,In,A,,
26,280,286,In,A,,
0,280,267,In,A,,
0,277,175,In,A,,
0,276,122,In,A,,
0,228,208,In,A,,
0,211,281,In,A,,
0,201,340,In,A,,
0,201,356,In,A,,
0,322,208,In,A,,
0,344,279,In,A,,
0,357,338,In,A,,
0,360,352,In,A,,
0,260,309,In,A,,
0,256,408,In,A,,
0,250,478,In,A,,
0,248,498,In,A,,
0,301,306,In,A,,
0,306,409,In,A,,
0,310,477,In,A,,
0,311,497,In,A,,
27,291,285,In,A,,
0,291,266,In,A,,
0,290,173,In,A,,
0,289,119,In,A,,
0,240,207,In,A,,
0,223,280,In,A,,
0,214,340,In,A,,
0,213,356,In,A,,
0,336,206,In,A,,
0,357,278,In,A,,
0,371,336,In,A,,
0,375,351,In,A,,
0,270,307,In,A,,
0,286,415,In,A,,
0,282,481,In,A,,
0,281,500,In,A,,
0,313,307,In,A,,
0,309,414,In,A,,
0,311,475,In,A,,
0,309,457,In,A,,
28,317,287,In,A,,
0,317,268,In,A,,
0,313,171,In,A,,
0,313,115,In,A,,
0,262,208,In,A,,
0,246,281,In,A,,
0,235,344,In,A,,
0,235,360,In,A,,
0,361,205,In,A,,
0,384,280,In,A,,
0,398,341,In,A,,
0,402,355,In,A,,
0,296,310,In,A,,
0,301,412,In,A,,
0,293,485,In,A,,
0,292,506,In,A,,
0,340,309,In,A,,
0,344,422,In,A,,
0,346,490,In,A,,
0,347,510,In,A,,
29,332,288,In,A,,
0,332,269,In,A,,
0,331,170,In,A,,
0,328,113,In,A,,
0,278,206,In,A,,
0,262,282,In,A,,
0,251,345,In,A,,
0,250,362,In,A,,
0,378,206,In,A,,
0,402,282,In,A,,
0,416,346,In,A,,
0,419,361,In,A,,
0,310,312,In,A,,
0,331,418,In,A,,
0,304,497,In,A,,
0,303,520,In,A,,
0,355,311,In,A,,
0,354,420,In,A,,
0,346,487,In,A,,
0,346,508,In,A,,
30,336,291,In,A,,
0,336,271,In,A,,
0,333,169,In,A,,
0,330,110,In,A,,
0,279,206,In,A,,
0,263,283,In,A,,
0,252,349,In,A,,
0,251,365,In,A,,
0,382,207,In,A,,
0,410,283,In,A,,
0,424,350,In,A,,
0,427,365,In,A,,
0,314,315,In,A,,
0,323,432,In,A,,
0,330,506,In,A,,
0,327,528,In,A,,
0,360,315,In,A,,
0,358,434,In,A,,
0,356,515,In,A,,
0,355,539,In,A,,
31,312,300,In,A,,
0,314,278,In,A,,
0,316,168,In,A,,
0,306,106,In,A,,
0,257,209,In,A,,
0,242,292,In,A,,
0,227,359,In,A,,
0,223,385,In,A,,
0,364,208,In,A,,
0,394,293,In,A,,
0,410,365,In,A,,
0,411,380,In,A,,
0,287,324,In,A,,
0,285,432,In,A,,
0,282,540,In,A,,
0,275,568,In,A,,
0,336,325,In,A,,
0,344,439,In,A,,
0,350,522,In,A,,
0,346,547,In,A,,
32,281,307,In,A,,
0,284,283,In,A,,
0,282,162,In,A,,
0,272,95,In,A,,
0,219,209,In,A,,
0,199,293,In,A,,
0,182,370,In,A,,
0,183,377,In,A,,
0,334,207,In,A,,
0,368,300,In,A,,
0,383,381,In,A,,
0,384,396,In,A,,
0,254,335,In,A,,
0,258,442,In,A,,
0,262,558,In,A,,
0,254,588,In,A,,
0,308,333,In,A,,
0,297,445,In,A,,
0,284,568,In,A,,
0,277,601,In,A,,
33,255,313,In,A,,
0,260,287,In,A,,
0,261,155,In,A,,
0,245,81,In,A,,
0,192,206,In,A,,
0,175,298,In,A,,
0,159,380,In,A,,
0,147,401,In,A,,
0,314,204,In,A,,
0,353,309,In,A,,
0,367,400,In,A,,
0,367,415,In,A,,
0,226,343,In,A,,
0,224,480,In,A,,
0,221,603,In,A,,
0,207,640,In,A,,
0,283,343,In,A,,
0,290,471,In,A,,
0,296,577,In,A,,
0,287,610,In,A,,
34,221,316,In,A,,
0,224,288,In,A,,
0,215,150,In,A,,
0,203,70,In,A,,
0,142,204,In,A,,
0,115,298,In,A,,
0,101,388,In,A,,
0,85,409,In,A,,
0,277,203,In,A,,
0,314,315,In,A,,
0,331,415,In,A,,
0,332,432,In,A,,
0,187,347,In,A,,
0,210,491,In,A,,
0,229,615,In,A,,
0,219,656,In,A,,
0,256,347,In,A,,
0,276,495,In,A,,
0,293,625,In,A,,
0,287,667,In,A,,
35,205,315,In,A,,
0,207,286,In,A,,
0,191,146,In,A,,
0,178,60,In,A,,
0,118,207,In,A,,
0,92,302,In,A,,
0,68,395,In,A,,
0,53,419,In,A,,
0,255,200,In,A,,
0,298,315,In,A,,
0,313,421,In,A,,
0,315,442,In,A,,
0,171,350,In,A,,
0,193,495,In,A,,
0,209,616,In,A,,
0,199,658,In,A,,
0,245,345,In,A,,
0,214,505,In,A,,
0,185,650,In,A,,
0,172,698,In,A,,
36,204,316,In,A,,
0,205,287,In,A,,
0,190,144,In,A,,
0,179,54,In,A,,
0,113,206,In,A,,
0,85,304,In,A,,
0,57,398,In,A,,
0,40,423,In,A,,
0,262,199,In,A,,
0,306,318,In,A,,
0,325,427,In,A,,
0,327,446,In,A,,
0,168,353,In,A,,
0,194,498,In,A,,
0,214,615,In,A,,
0,207,658,In,A,,
0,246,347,In,A,,
0,221,515,In,A,,
0,198,669,In,A,,
0,188,721,In,A,,
37,233,322,In,A,,
0,234,291,In,A,,
0,221,142,In,A,,
0,204,52,In,A,,
0,139,205,In,A,,
0,112,307,In,A,,
0,105,407,In,A,,
0,92,434,In,A,,
0,293,199,In,A,,
0,337,317,In,A,,
0,356,429,In,A,,
0,360,449,In,A,,
0,197,362,In,A,,
0,210,502,In,A,,
0,219,611,In,A,,
0,209,653,In,A,,
0,275,354,In,A,,
0,232,515,In,A,,
0,195,656,In,A,,
0,183,707,In,A,,
38,257,327,In,A,,
0,261,295,In,A,,
0,257,140,In,A,,
0,242,51,In,A,,
0,173,204,In,A,,
0,147,309,In,A,,
0,121,413,In,A,,
0,100,437,In,A,,
0,326,200,In,A,,
0,375,315,In,A,,
0,396,431,In,A,,
0,401,447,In,A,,
0,220,366,In,A,,
0,221,507,In,A,,
0,220,616,In,A,,
0,208,658,In,A,,
0,295,362,In,A,,
0,254,532,In,A,,
0,217,684,In,A,,
0,202,739,In,A,,
39,318,330,In,A,,
0,322,297,In,A,,
0,319,139,In,A,,
0,304,50,In,A,,
0,231,200,In,A,,
0,204,317,In,A,,
0,188,426,In,A,,
0,187,457,In,A,,
0,393,201,In,A,,
0,447,325,In,A,,
0,467,447,In,A,,
0,474,491,In,A,,
0,283,370,In,A,,
0,256,509,In,A,,
0,236,616,In,A,,
0,223,658,In,A,,
0,354,366,In,A,,
0,338,554,In,A,,
0,324,730,In,A,,
0,314,793,In,A,,
40,349,331,In,A,,
0,352,298,In,A,,
0,349,138,In,A,,
0,336,50,In,A,,
0,263,199,In,A,,
0,232,319,In,A,,
0,206,426,In,A,,
0,202,457,In,A,,
0,424,200,In,A,,
0,483,323,In,A,,
0,509,446,In,A,,
0,518,490,In,A,,
0,311,370,In,A,,
0,200,445,In,A,,
0,89,520,In,A,,
0,65,557,In,A,,
0,388,368,In,A,,
0,346,549,In,A,,
0,308,715,In,A,,
0,297,776,In,A,,
41,423,329,In,A,,
0,424,297,In,A,,
0,425,137,In,A,,
0,413,50,In,A,,
0,336,197,In,A,,
0,305,320,In,A,,
0,283,429,In,A,,
0,282,446,In,A,,
0,505,199,In,A,,
0,561,323,In,A,,
0,591,446,In,A,,
0,601,491,In,A,,
0,385,369,In,A,,
0,257,443,In,A,,
0,144,509,In,A,,
0,107,533,In,A,,
0,462,368,In,A,,
0,439,557,In,A,,
0,418,739,In,A,,
0,413,802,In,A,,
42,449,332,In,A,,
0,449,299,In,A,,
0,453,138,In,A,,
0,442,50,In,A,,
0,363,197,In,A,,
0,330,318,In,A,,
0,309,428,In,A,,
0,307,460,In,A,,
0,535,200,In,A,,
0,585,316,In,A,,
0,608,440,In,A,,
0,615,483,In,A,,
0,409,370,In,A,,
0,270,440,In,A,,
0,159,498,In,A,,
0,122,520,In,A,,
0,488,371,In,A,,
0,441,558,In,A,,
0,398,740,In,A,,
0,388,802,In,A,,
43,501,335,In,A,,
0,505,302,In,A,,
0,514,136,In,A,,
0,502,49,In,A,,
0,422,193,In,A,,
0,393,317,In,A,,
0,370,429,In,A,,
0,368,446,In,A,,
0,585,201,In,A,,
0,603,334,In,A,,
0,618,460,In,A,,
0,626,498,In,A,,
0,462,369,In,A,,
0,325,433,In,A,,
0,200,493,In,A,,
0,164,512,In,A,,
0,538,374,In,A,,
0,489,568,In,A,,
0,443,763,In,A,,
0,428,826,In,A,,
44,507,337,In,A,,
0,511,303,In,A,,
0,522,135,In,A,,
0,513,48,In,A,,
0,431,192,In,A,,
0,404,313,In,A,,
0,384,424,In,A,,
0,380,447,In,A,,
0,588,201,In,A,,
0,602,333,In,A,,
0,620,461,In,A,,
0,628,498,In,A,,
0,468,369,In,A,,
0,330,435,In,A,,
0,205,496,In,A,,
0,168,514,In,A,,
0,543,374,In,A,,
0,490,569,In,A,,
0,441,765,In,A,,
0,423,827,In,A,,
45,498,336,In,A,,
0,500,302,In,A,,
0,507,136,In,A,,
0,495,49,In,A,,
0,413,194,In,A,,
0,381,317,In,A,,
0,362,430,In,A,,
0,358,446,In,A,,
0,585,201,In,A,,
0,607,323,In,A,,
0,586,445,In,A,,
0,593,482,In,A,,
0,457,370,In,A,,
0,320,436,In,A,,
0,194,498,In,A,,
0,158,519,In,A,,
0,537,375,In,A,,
0,486,570,In,A,,
0,438,764,In,A,,
0,425,829,In,A,,
46,441,330,In,A,,
0,442,297,In,A,,
0,449,136,In,A,,
0,438,49,In,A,,
0,357,197,In,A,,
0,327,317,In,A,,
0,307,427,In,A,,
0,303,447,In,A,,
0,532,197,In,A,,
0,591,315,In,A,,
0,606,439,In,A,,
0,610,482,In,A,,
0,401,368,In,A,,
0,262,438,In,A,,
0,153,494,In,A,,
0,117,517,In,A,,
0,480,370,In,A,,
0,442,561,In,A,,
0,407,748,In,A,,
0,400,813,In,A,,
47,422,329,In,A,,
0,421,297,In,A,,
0,422,138,In,A,,
0,414,49,In,A,,
0,335,197,In,A,,
0,300,321,In,A,,
0,281,432,In,A,,
0,281,447,In,A,,
0,504,198,In,A,,
0,553,316,In,A,,
0,592,434,In,A,,
0,589,444,In,A,,
0,383,368,In,A,,
0,259,442,In,A,,
0,147,509,In,A,,
0,111,534,In,A,,
0,461,368,In,A,,
0,421,554,In,A,,
0,384,736,In,A,,
0,378,798,In,A,,
48,392,326,In,A,,
0,392,294,In,A,,
0,395,139,In,A,,
0,388,50,In,A,,
0,308,199,In,A,,
0,279,316,In,A,,
0,261,423,In,A,,
0,257,454,In,A,,
0,474,197,In,A,,
0,522,316,In,A,,
0,560,429,In,A,,
0,563,442,In,A,,
0,353,364,In,A,,
0,234,441,In,A,,
0,133,507,In,A,,
0,100,534,In,A,,
0,429,364,In,A,,
0,368,528,In,A,,
0,314,679,In,A,,
0,301,732,In,A,,
49,371,324,In,A,,
0,370,293,In,A,,
0,368,141,In,A,,
0,364,51,In,A,,
0,285,199,In,A,,
0,254,318,In,A,,
0,235,424,In,A,,
0,233,454,In,A,,
0,447,197,In,A,,
0,492,313,In,A,,
0,523,422,In,A,,
0,529,444,In,A,,
0,336,363,In,A,,
0,227,442,In,A,,
0,128,514,In,A,,
0,96,542,In,A,,
0,408,360,In,A,,
0,359,528,In,A,,
0,314,688,In,A,,
0,305,741,In,A,,
50,370,324,In,A,,
0,369,293,In,A,,
0,368,141,In,A,,
0,362,51,In,A,,
0,285,199,In,A,,
0,254,318,In,A,,
0,234,423,In,A,,
0,232,453,In,A,,
0,445,198,In,A,,
0,490,314,In,A,,
0,521,422,In,A,,
0,526,443,In,A,,
0,334,363,In,A,,
0,225,442,In,A,,
0,126,515,In,A,,
0,94,543,In,A,,
0,406,360,In,A,,
0,358,528,In,A,,
0,313,687,In,A,,
0,303,740,In,A,,
51,370,324,In,A,,
0,370,294,In,A,,
0,370,140,In,A,,
0,364,51,In,A,,
0,288,198,In,A,,
0,258,315,In,A,,
0,237,419,In,A,,
0,235,440,In,A,,
0,445,198,In,A,,
0,490,314,In,A,,
0,520,422,In,A,,
0,525,444,In,A,,
0,334,362,In,A,,
0,223,442,In,A,,
0,125,513,In,A,,
0,109,549,In,A,,
0,406,360,In,A,,
0,356,527,In,A,,
0,310,683,In,A,,
0,306,739,In,A,,
52,371,324,In,A,,
0,371,293,In,A,,
0,372,140,In,A,,
0,366,51,In,A,,
0,290,198,In,A,,
0,259,315,In,A,,
0,238,417,In,A,,
0,236,440,In,A,,
0,446,198,In,A,,
0,491,313,In,A,,
0,520,421,In,A,,
0,525,443,In,A,,
0,335,361,In,A,,
0,224,441,In,A,,
0,126,512,In,A,,
0,111,548,In,A,,
0,406,360,In,A,,
0,355,525,In,A,,
0,308,680,In,A,,
0,304,735,In,A,,
53,373,322,In,A,,
0,374,292,In,A,,
0,376,141,In,A,,
0,368,53,In,A,,
0,296,199,In,A,,
0,266,311,In,A,,
0,245,409,In,A,,
0,241,432,In,A,,
0,446,199,In,A,,
0,492,314,In,A,,
0,519,420,In,A,,
0,523,441,In,A,,
0,339,358,In,A,,
0,233,441,In,A,,
0,141,515,In,A,,
0,126,550,In,A,,
0,407,358,In,A,,
0,357,513,In,A,,
0,313,653,In,A,,
0,307,702,In,A,,
54,365,316,In,A,,
0,365,287,In,A,,
0,366,146,In,A,,
0,358,64,In,A,,
0,290,201,In,A,,
0,264,307,In,A,,
0,245,396,In,A,,
0,245,415,In,A,,
0,431,199,In,A,,
0,470,307,In,A,,
0,492,401,In,A,,
0,496,423,In,A,,
0,333,349,In,A,,
0,239,437,In,A,,
0,166,506,In,A,,
0,155,536,In,A,,
0,396,347,In,A,,
0,359,490,In,A,,
0,327,618,In,A,,
0,324,660,In,A,,
55,372,306,In,A,,
0,372,280,In,A,,
0,373,154,In,A,,
0,369,81,In,A,,
0,306,201,In,A,,
0,280,295,In,A,,
0,264,375,In,A,,
0,264,393,In,A,,
0,432,200,In,A,,
0,463,295,In,A,,
0,482,376,In,A,,
0,486,395,In,A,,
0,344,335,In,A,,
0,353,445,In,A,,
0,362,555,In,A,,
0,363,586,In,A,,
0,399,335,In,A,,
0,398,448,In,A,,
0,397,564,In,A,,
0,400,597,In,A,,
,,,,,,
2,250,271,Out,K,,
0,252,251,Out,K,,
0,248,146,Out,K,,
0,245,89,Out,K,,
0,176,180,Out,K,,
0,104,193,Out,K,,
0,33,182,Out,K,,
0,3,179,Out,K,,
0,312,181,Out,K,,
0,393,205,Out,K,,
0,458,210,Out,K,,
0,493,210,Out,K,,
0,218,303,Out,K,,
0,220,424,Out,K,,
0,221,543,Out,K,,
0,214,576,Out,K,,
0,282,302,Out,K,,
0,286,426,Out,K,,
0,290,539,Out,K,,
0,287,572,Out,K,,
3,247,271,Out,K,,
0,249,252,Out,K,,
0,244,147,Out,K,,
0,240,88,Out,K,,
0,173,181,Out,K,,
0,102,194,Out,K,,
0,31,185,Out,K,,
0,0,182,Out,K,,
0,310,181,Out,K,,
0,391,203,Out,K,,
0,457,205,Out,K,,
0,491,205,Out,K,,
0,215,304,Out,K,,
0,218,424,Out,K,,
0,220,544,Out,K,,
0,213,578,Out,K,,
0,280,303,Out,K,,
0,283,424,Out,K,,
0,286,540,Out,K,,
0,283,573,Out,K,,
4,247,271,Out,K,,
0,249,252,Out,K,,
0,244,146,Out,K,,
0,241,87,Out,K,,
0,173,181,Out,K,,
0,104,195,Out,K,,
0,32,186,Out,K,,
0,2,182,Out,K,,
0,309,181,Out,K,,
0,390,203,Out,K,,
0,457,205,Out,K,,
0,491,205,Out,K,,
0,215,304,Out,K,,
0,218,424,Out,K,,
0,220,544,Out,K,,
0,214,577,Out,K,,
0,280,303,Out,K,,
0,283,424,Out,K,,
0,286,540,Out,K,,
0,283,573,Out,K,,
5,247,271,Out,K,,
0,249,251,Out,K,,
0,244,146,Out,K,,
0,241,87,Out,K,,
0,173,181,Out,K,,
0,103,195,Out,K,,
0,32,186,Out,K,,
0,2,183,Out,K,,
0,309,181,Out,K,,
0,390,203,Out,K,,
0,457,206,Out,K,,
0,491,205,Out,K,,
0,215,304,Out,K,,
0,218,424,Out,K,,
0,220,544,Out,K,,
0,214,577,Out,K,,
0,280,302,Out,K,,
0,283,424,Out,K,,
0,286,540,Out,K,,
0,283,573,Out,K,,
6,250,275,Out,K,,
0,251,252,Out,K,,
0,247,137,Out,K,,
0,241,72,Out,K,,
0,167,176,Out,K,,
0,94,192,Out,K,,
0,14,180,Out,K,,
0,-20,180,Out,K,,
0,318,176,Out,K,,
0,416,200,Out,K,,
0,491,203,Out,K,,
0,530,205,Out,K,,
0,215,311,Out,K,,
0,230,436,Out,K,,
0,247,583,Out,K,,
0,240,623,Out,K,,
0,286,309,Out,K,,
0,285,436,Out,K,,
0,284,580,Out,K,,
0,279,620,Out,K,,
7,237,282,Out,K,,
0,241,255,Out,K,,
0,236,112,Out,K,,
0,219,40,Out,K,,
0,129,149,Out,K,,
0,48,203,Out,K,,
0,-30,258,Out,K,,
0,-59,279,Out,K,,
0,326,164,Out,K,,
0,449,195,Out,K,,
0,557,194,Out,K,,
0,589,193,Out,K,,
0,188,333,Out,K,,
0,220,520,Out,K,,
0,252,709,Out,K,,
0,237,778,Out,K,,
0,287,329,Out,K,,
0,354,500,Out,K,,
0,418,665,Out,K,,
0,418,727,Out,K,,
8,239,298,Out,K,,
0,240,265,Out,K,,
0,228,105,Out,K,,
0,220,20,Out,K,,
0,136,182,Out,K,,
0,45,173,Out,K,,
0,109,82,Out,K,,
0,132,52,Out,K,,
0,327,166,Out,K,,
0,447,167,Out,K,,
0,567,182,Out,K,,
0,618,175,Out,K,,
0,190,347,Out,K,,
0,128,557,Out,K,,
0,63,774,Out,K,,
0,32,862,Out,K,,
0,292,340,Out,K,,
0,443,485,Out,K,,
0,588,625,Out,K,,
0,612,693,Out,K,,
9,290,258,Out,K,,
0,276,231,Out,K,,
0,197,97,Out,K,,
0,238,21,Out,K,,
0,105,163,Out,K,,
0,6,169,Out,K,,
0,125,109,Out,K,,
0,171,86,Out,K,,
0,310,141,Out,K,,
0,427,130,Out,K,,
0,546,161,Out,K,,
0,612,185,Out,K,,
0,255,314,Out,K,,
0,372,499,Out,K,,
0,505,713,Out,K,,
0,524,802,Out,K,,
0,380,284,Out,K,,
0,257,468,Out,K,,
0,136,650,Out,K,,
0,114,726,Out,K,,
10,364,139,Out,K,,
0,373,135,Out,K,,
0,417,154,Out,K,,
0,498,118,Out,K,,
0,319,222,Out,K,,
0,464,215,Out,K,,
0,309,151,Out,K,,
0,142,40,Out,K,,
0,534,200,Out,K,,
0,655,189,Out,K,,
0,782,221,Out,K,,
0,824,232,Out,K,,
0,236,126,Out,K,,
0,333,268,Out,K,,
0,248,506,Out,K,,
0,259,533,Out,K,,
0,414,128,Out,K,,
0,310,349,Out,K,,
0,254,181,Out,K,,
0,274,253,Out,K,,
11,310,173,Out,K,,
0,308,161,Out,K,,
0,286,104,Out,K,,
0,372,89,Out,K,,
0,194,169,Out,K,,
0,349,188,Out,K,,
0,197,113,Out,K,,
0,166,49,Out,K,,
0,331,165,Out,K,,
0,450,154,Out,K,,
0,546,224,Out,K,,
0,599,187,Out,K,,
0,240,196,Out,K,,
0,374,318,Out,K,,
0,343,511,Out,K,,
0,294,454,Out,K,,
0,398,208,Out,K,,
0,282,414,Out,K,,
0,178,599,Out,K,,
0,153,674,Out,K,,
12,238,289,Out,K,,
0,240,258,Out,K,,
0,229,100,Out,K,,
0,297,52,Out,K,,
0,120,168,Out,K,,
0,33,196,Out,K,,
0,-44,221,Out,K,,
0,-71,231,Out,K,,
0,330,160,Out,K,,
0,462,191,Out,K,,
0,578,196,Out,K,,
0,626,191,Out,K,,
0,188,346,Out,K,,
0,335,495,Out,K,,
0,478,644,Out,K,,
0,488,713,Out,K,,
0,289,335,Out,K,,
0,337,507,Out,K,,
0,376,649,Out,K,,
0,375,707,Out,K,,
13,258,282,Out,K,,
0,258,253,Out,K,,
0,254,110,Out,K,,
0,242,40,Out,K,,
0,157,165,Out,K,,
0,76,192,Out,K,,
0,-13,139,Out,K,,
0,-46,112,Out,K,,
0,341,161,Out,K,,
0,459,195,Out,K,,
0,557,195,Out,K,,
0,593,191,Out,K,,
0,215,327,Out,K,,
0,193,482,Out,K,,
0,173,622,Out,K,,
0,157,670,Out,K,,
0,302,325,Out,K,,
0,327,483,Out,K,,
0,349,625,Out,K,,
0,346,674,Out,K,,
14,250,277,Out,K,,
0,251,252,Out,K,,
0,246,124,Out,K,,
0,236,54,Out,K,,
0,159,169,Out,K,,
0,87,196,Out,K,,
0,-2,180,Out,K,,
0,-38,185,Out,K,,
0,324,168,Out,K,,
0,429,202,Out,K,,
0,516,197,Out,K,,
0,562,199,Out,K,,
0,212,317,Out,K,,
0,216,446,Out,K,,
0,219,610,Out,K,,
0,208,655,Out,K,,
0,289,315,Out,K,,
0,301,469,Out,K,,
0,312,622,Out,K,,
0,306,670,Out,K,,
15,271,274,Out,K,,
0,272,250,Out,K,,
0,268,133,Out,K,,
0,256,68,Out,K,,
0,186,176,Out,K,,
0,120,207,Out,K,,
0,40,198,Out,K,,
0,8,198,Out,K,,
0,341,173,Out,K,,
0,440,202,Out,K,,
0,520,201,Out,K,,
0,562,204,Out,K,,
0,237,310,Out,K,,
0,247,442,Out,K,,
0,258,589,Out,K,,
0,249,631,Out,K,,
0,307,309,Out,K,,
0,312,436,Out,K,,
0,317,567,Out,K,,
0,311,605,Out,K,,
16,271,268,Out,K,,
0,272,248,Out,K,,
0,270,146,Out,K,,
0,262,87,Out,K,,
0,198,181,Out,K,,
0,132,202,Out,K,,
0,62,202,Out,K,,
0,41,204,Out,K,,
0,333,179,Out,K,,
0,418,203,Out,K,,
0,488,205,Out,K,,
0,522,206,Out,K,,
0,241,299,Out,K,,
0,253,422,Out,K,,
0,269,506,Out,K,,
0,263,534,Out,K,,
0,302,298,Out,K,,
0,305,423,Out,K,,
0,307,531,Out,K,,
0,304,563,Out,K,,
17,275,262,Out,K,,
0,275,243,Out,K,,
0,275,147,Out,K,,
0,267,92,Out,K,,
0,208,181,Out,K,,
0,140,199,Out,K,,
0,81,196,Out,K,,
0,49,198,Out,K,,
0,335,178,Out,K,,
0,412,202,Out,K,,
0,477,206,Out,K,,
0,506,207,Out,K,,
0,246,292,Out,K,,
0,255,418,Out,K,,
0,268,502,Out,K,,
0,263,529,Out,K,,
0,303,291,Out,K,,
0,306,419,Out,K,,
0,301,507,Out,K,,
0,297,534,Out,K,,
18,296,258,Out,K,,
0,297,239,Out,K,,
0,299,146,Out,K,,
0,289,96,Out,K,,
0,232,180,Out,K,,
0,165,193,Out,K,,
0,112,179,Out,K,,
0,85,181,Out,K,,
0,352,177,Out,K,,
0,420,199,Out,K,,
0,477,202,Out,K,,
0,501,203,Out,K,,
0,268,286,Out,K,,
0,273,404,Out,K,,
0,274,500,Out,K,,
0,267,527,Out,K,,
0,322,285,Out,K,,
0,325,404,Out,K,,
0,312,483,Out,K,,
0,313,507,Out,K,,
19,291,257,Out,K,,
0,291,239,Out,K,,
0,290,150,Out,K,,
0,284,101,Out,K,,
0,229,182,Out,K,,
0,170,198,Out,K,,
0,116,189,Out,K,,
0,89,191,Out,K,,
0,344,179,Out,K,,
0,413,201,Out,K,,
0,472,205,Out,K,,
0,494,206,Out,K,,
0,265,284,Out,K,,
0,268,395,Out,K,,
0,272,462,Out,K,,
0,258,475,Out,K,,
0,317,283,Out,K,,
0,323,402,Out,K,,
0,315,479,Out,K,,
0,316,503,Out,K,,
20,278,256,Out,K,,
0,279,239,Out,K,,
0,279,155,Out,K,,
0,273,107,Out,K,,
0,221,186,Out,K,,
0,161,199,Out,K,,
0,109,200,Out,K,,
0,83,200,Out,K,,
0,330,182,Out,K,,
0,397,203,Out,K,,
0,450,208,Out,K,,
0,475,209,Out,K,,
0,254,281,Out,K,,
0,261,391,Out,K,,
0,265,458,Out,K,,
0,260,479,Out,K,,
0,303,280,Out,K,,
0,305,392,Out,K,,
0,308,463,Out,K,,
0,322,480,Out,K,,
21,281,256,Out,K,,
0,282,239,Out,K,,
0,280,155,Out,K,,
0,276,107,Out,K,,
0,224,185,Out,K,,
0,163,200,Out,K,,
0,107,194,Out,K,,
0,81,196,Out,K,,
0,332,182,Out,K,,
0,399,206,Out,K,,
0,451,210,Out,K,,
0,476,212,Out,K,,
0,257,281,Out,K,,
0,267,392,Out,K,,
0,264,464,Out,K,,
0,250,467,Out,K,,
0,306,281,Out,K,,
0,306,394,Out,K,,
0,308,463,Out,K,,
0,327,473,Out,K,,
22,266,258,Out,K,,
0,266,241,Out,K,,
0,263,155,Out,K,,
0,257,107,Out,K,,
0,203,187,Out,K,,
0,143,204,Out,K,,
0,86,201,Out,K,,
0,58,203,Out,K,,
0,317,182,Out,K,,
0,385,204,Out,K,,
0,438,207,Out,K,,
0,464,206,Out,K,,
0,241,285,Out,K,,
0,226,404,Out,K,,
0,220,479,Out,K,,
0,212,502,Out,K,,
0,291,283,Out,K,,
0,300,387,Out,K,,
0,304,456,Out,K,,
0,302,478,Out,K,,
23,208,259,Out,K,,
0,207,242,Out,K,,
0,201,156,Out,K,,
0,197,107,Out,K,,
0,142,188,Out,K,,
0,86,205,Out,K,,
0,26,201,Out,K,,
0,3,200,Out,K,,
0,256,182,Out,K,,
0,324,205,Out,K,,
0,379,206,Out,K,,
0,406,206,Out,K,,
0,183,287,Out,K,,
0,197,404,Out,K,,
0,198,478,Out,K,,
0,194,501,Out,K,,
0,235,283,Out,K,,
0,235,394,Out,K,,
0,234,485,Out,K,,
0,231,510,Out,K,,
24,187,255,Out,K,,
0,187,239,Out,K,,
0,183,156,Out,K,,
0,175,108,Out,K,,
0,121,187,Out,K,,
0,71,208,Out,K,,
0,10,199,Out,K,,
0,-13,200,Out,K,,
0,236,182,Out,K,,
0,306,204,Out,K,,
0,362,202,Out,K,,
0,391,203,Out,K,,
0,161,283,Out,K,,
0,184,389,Out,K,,
0,213,460,Out,K,,
0,208,483,Out,K,,
0,215,281,Out,K,,
0,207,383,Out,K,,
0,214,458,Out,K,,
0,209,481,Out,K,,
25,168,256,Out,K,,
0,167,240,Out,K,,
0,159,158,Out,K,,
0,156,108,Out,K,,
0,101,188,Out,K,,
0,47,211,Out,K,,
0,-5,181,Out,K,,
0,-26,191,Out,K,,
0,216,183,Out,K,,
0,289,203,Out,K,,
0,349,202,Out,K,,
0,369,203,Out,K,,
0,142,284,Out,K,,
0,165,391,Out,K,,
0,210,460,Out,K,,
0,205,482,Out,K,,
0,196,280,Out,K,,
0,201,382,Out,K,,
0,207,456,Out,K,,
0,203,478,Out,K,,
26,108,256,Out,K,,
0,108,239,Out,K,,
0,98,155,Out,K,,
0,97,108,Out,K,,
0,44,187,Out,K,,
0,16,228,Out,K,,
0,-8,268,Out,K,,
0,-17,282,Out,K,,
0,156,183,Out,K,,
0,224,205,Out,K,,
0,286,207,Out,K,,
0,314,208,Out,K,,
0,83,283,Out,K,,
0,90,373,Out,K,,
0,156,385,Out,K,,
0,151,402,Out,K,,
0,137,280,Out,K,,
0,165,361,Out,K,,
0,170,428,Out,K,,
0,165,448,Out,K,,
27,104,257,Out,K,,
0,104,240,Out,K,,
0,94,154,Out,K,,
0,90,107,Out,K,,
0,41,188,Out,K,,
0,18,234,Out,K,,
0,0,278,Out,K,,
0,-7,293,Out,K,,
0,151,182,Out,K,,
0,221,203,Out,K,,
0,283,205,Out,K,,
0,308,206,Out,K,,
0,80,283,Out,K,,
0,50,365,Out,K,,
0,131,381,Out,K,,
0,125,398,Out,K,,
0,132,280,Out,K,,
0,161,360,Out,K,,
0,166,427,Out,K,,
0,161,448,Out,K,,
28,98,259,Out,K,,
0,98,242,Out,K,,
0,87,155,Out,K,,
0,84,108,Out,K,,
0,38,189,Out,K,,
0,21,238,Out,K,,
0,13,182,Out,K,,
0,11,163,Out,K,,
0,144,182,Out,K,,
0,218,202,Out,K,,
0,273,207,Out,K,,
0,301,206,Out,K,,
0,75,284,Out,K,,
0,42,366,Out,K,,
0,4,459,Out,K,,
0,-8,483,Out,K,,
0,126,281,Out,K,,
0,159,360,Out,K,,
0,162,425,Out,K,,
0,157,445,Out,K,,
29,104,257,Out,K,,
0,104,240,Out,K,,
0,94,153,Out,K,,
0,93,106,Out,K,,
0,38,187,Out,K,,
0,17,234,Out,K,,
0,0,279,Out,K,,
0,-5,295,Out,K,,
0,151,182,Out,K,,
0,220,204,Out,K,,
0,281,206,Out,K,,
0,309,208,Out,K,,
0,79,284,Out,K,,
0,65,373,Out,K,,
0,141,381,Out,K,,
0,137,398,Out,K,,
0,133,279,Out,K,,
0,166,361,Out,K,,
0,170,429,Out,K,,
0,166,449,Out,K,,
30,134,256,Out,K,,
0,134,240,Out,K,,
0,123,157,Out,K,,
0,121,109,Out,K,,
0,63,187,Out,K,,
0,21,223,Out,K,,
0,25,166,Out,K,,
0,27,147,Out,K,,
0,182,187,Out,K,,
0,250,210,Out,K,,
0,312,213,Out,K,,
0,340,214,Out,K,,
0,109,287,Out,K,,
0,94,377,Out,K,,
0,163,379,Out,K,,
0,158,396,Out,K,,
0,165,281,Out,K,,
0,186,369,Out,K,,
0,202,450,Out,K,,
0,198,473,Out,K,,
31,206,260,Out,K,,
0,205,243,Out,K,,
0,199,156,Out,K,,
0,196,105,Out,K,,
0,141,188,Out,K,,
0,74,197,Out,K,,
0,14,210,Out,K,,
0,-8,210,Out,K,,
0,255,182,Out,K,,
0,326,206,Out,K,,
0,382,207,Out,K,,
0,410,209,Out,K,,
0,181,287,Out,K,,
0,196,396,Out,K,,
0,201,479,Out,K,,
0,197,502,Out,K,,
0,233,284,Out,K,,
0,235,393,Out,K,,
0,233,466,Out,K,,
0,227,449,Out,K,,
32,243,260,Out,K,,
0,242,243,Out,K,,
0,239,157,Out,K,,
0,234,107,Out,K,,
0,173,185,Out,K,,
0,102,201,Out,K,,
0,40,197,Out,K,,
0,34,199,Out,K,,
0,293,187,Out,K,,
0,351,210,Out,K,,
0,411,213,Out,K,,
0,437,215,Out,K,,
0,217,288,Out,K,,
0,216,395,Out,K,,
0,215,463,Out,K,,
0,204,479,Out,K,,
0,270,285,Out,K,,
0,292,391,Out,K,,
0,316,464,Out,K,,
0,319,478,Out,K,,
33,312,261,Out,K,,
0,311,244,Out,K,,
0,306,156,Out,K,,
0,300,106,Out,K,,
0,249,188,Out,K,,
0,182,207,Out,K,,
0,122,206,Out,K,,
0,114,201,Out,K,,
0,362,183,Out,K,,
0,429,204,Out,K,,
0,480,207,Out,K,,
0,501,205,Out,K,,
0,288,289,Out,K,,
0,286,406,Out,K,,
0,288,483,Out,K,,
0,286,507,Out,K,,
0,339,286,Out,K,,
0,351,393,Out,K,,
0,351,464,Out,K,,
0,352,486,Out,K,,
34,350,257,Out,K,,
0,349,240,Out,K,,
0,346,155,Out,K,,
0,346,106,Out,K,,
0,289,184,Out,K,,
0,225,196,Out,K,,
0,166,194,Out,K,,
0,137,195,Out,K,,
0,403,182,Out,K,,
0,469,206,Out,K,,
0,520,208,Out,K,,
0,545,212,Out,K,,
0,326,284,Out,K,,
0,327,393,Out,K,,
0,330,465,Out,K,,
0,307,467,Out,K,,
0,376,283,Out,K,,
0,395,402,Out,K,,
0,406,479,Out,K,,
0,412,501,Out,K,,
35,424,260,Out,K,,
0,422,243,Out,K,,
0,420,158,Out,K,,
0,415,109,Out,K,,
0,361,188,Out,K,,
0,290,202,Out,K,,
0,234,205,Out,K,,
0,205,207,Out,K,,
0,474,185,Out,K,,
0,539,209,Out,K,,
0,593,216,Out,K,,
0,620,220,Out,K,,
0,401,287,Out,K,,
0,392,392,Out,K,,
0,375,462,Out,K,,
0,355,468,Out,K,,
0,450,285,Out,K,,
0,466,387,Out,K,,
0,472,460,Out,K,,
0,479,482,Out,K,,
36,445,254,Out,K,,
0,443,237,Out,K,,
0,443,152,Out,K,,
0,439,105,Out,K,,
0,386,182,Out,K,,
0,321,199,Out,K,,
0,246,204,Out,K,,
0,216,203,Out,K,,
0,498,180,Out,K,,
0,556,204,Out,K,,
0,612,210,Out,K,,
0,620,207,Out,K,,
0,421,281,Out,K,,
0,431,395,Out,K,,
0,426,467,Out,K,,
0,444,464,Out,K,,
0,471,279,Out,K,,
0,477,392,Out,K,,
0,477,462,Out,K,,
0,485,484,Out,K,,
37,469,252,Out,K,,
0,467,236,Out,K,,
0,467,152,Out,K,,
0,463,105,Out,K,,
0,411,181,Out,K,,
0,351,197,Out,K,,
0,297,188,Out,K,,
0,269,189,Out,K,,
0,522,180,Out,K,,
0,576,205,Out,K,,
0,629,218,Out,K,,
0,652,216,Out,K,,
0,445,279,Out,K,,
0,450,391,Out,K,,
0,450,461,Out,K,,
0,457,483,Out,K,,
0,495,277,Out,K,,
0,500,390,Out,K,,
0,502,461,Out,K,,
0,511,483,Out,K,,
38,481,250,Out,K,,
0,479,235,Out,K,,
0,480,151,Out,K,,
0,475,104,Out,K,,
0,424,179,Out,K,,
0,356,194,Out,K,,
0,302,185,Out,K,,
0,274,186,Out,K,,
0,535,179,Out,K,,
0,599,201,Out,K,,
0,646,230,Out,K,,
0,669,229,Out,K,,
0,457,276,Out,K,,
0,459,388,Out,K,,
0,454,457,Out,K,,
0,459,478,Out,K,,
0,506,275,Out,K,,
0,509,387,Out,K,,
0,506,457,Out,K,,
0,514,478,Out,K,,
39,488,252,Out,K,,
0,486,236,Out,K,,
0,489,150,Out,K,,
0,485,103,Out,K,,
0,432,180,Out,K,,
0,360,192,Out,K,,
0,302,190,Out,K,,
0,279,188,Out,K,,
0,543,181,Out,K,,
0,601,205,Out,K,,
0,650,234,Out,K,,
0,667,245,Out,K,,
0,463,278,Out,K,,
0,463,389,Out,K,,
0,455,457,Out,K,,
0,460,478,Out,K,,
0,514,278,Out,K,,
0,512,388,Out,K,,
0,508,456,Out,K,,
0,516,477,Out,K,,
40,498,262,Out,K,,
0,497,243,Out,K,,
0,503,147,Out,K,,
0,500,97,Out,K,,
0,439,179,Out,K,,
0,358,191,Out,K,,
0,296,188,Out,K,,
0,266,186,Out,K,,
0,561,184,Out,K,,
0,615,211,Out,K,,
0,667,239,Out,K,,
0,685,249,Out,K,,
0,468,288,Out,K,,
0,477,404,Out,K,,
0,493,514,Out,K,,
0,501,543,Out,K,,
0,525,290,Out,K,,
0,527,402,Out,K,,
0,509,482,Out,K,,
0,517,506,Out,K,,
41,509,261,Out,K,,
0,508,240,Out,K,,
0,515,135,Out,K,,
0,511,77,Out,K,,
0,443,170,Out,K,,
0,357,184,Out,K,,
0,289,180,Out,K,,
0,255,181,Out,K,,
0,582,173,Out,K,,
0,637,225,Out,K,,
0,681,267,Out,K,,
0,696,282,Out,K,,
0,476,291,Out,K,,
0,481,418,Out,K,,
0,484,513,Out,K,,
0,491,542,Out,K,,
0,540,292,Out,K,,
0,552,422,Out,K,,
0,566,555,Out,K,,
0,578,592,Out,K,,
42,546,277,Out,K,,
0,548,252,Out,K,,
0,558,126,Out,K,,
0,550,64,Out,K,,
0,475,166,Out,K,,
0,387,184,Out,K,,
0,313,178,Out,K,,
0,277,180,Out,K,,
0,608,164,Out,K,,
0,608,242,Out,K,,
0,657,294,Out,K,,
0,671,310,Out,K,,
0,512,305,Out,K,,
0,522,436,Out,K,,
0,534,571,Out,K,,
0,535,608,Out,K,,
0,578,306,Out,K,,
0,585,437,Out,K,,
0,593,566,Out,K,,
0,599,603,Out,K,,
43,556,295,Out,K,,
0,559,266,Out,K,,
0,573,120,Out,K,,
0,583,49,Out,K,,
0,514,163,Out,K,,
0,403,183,Out,K,,
0,322,175,Out,K,,
0,283,176,Out,K,,
0,625,161,Out,K,,
0,627,271,Out,K,,
0,680,329,Out,K,,
0,696,348,Out,K,,
0,528,315,Out,K,,
0,528,476,Out,K,,
0,529,615,Out,K,,
0,528,660,Out,K,,
0,582,319,Out,K,,
0,604,472,Out,K,,
0,624,596,Out,K,,
0,629,638,Out,K,,
44,550,299,Out,K,,
0,553,269,Out,K,,
0,571,117,Out,K,,
0,582,49,Out,K,,
0,519,168,Out,K,,
0,396,183,Out,K,,
0,306,178,Out,K,,
0,293,178,Out,K,,
0,627,162,Out,K,,
0,630,276,Out,K,,
0,630,379,Out,K,,
0,628,416,Out,K,,
0,519,319,Out,K,,
0,514,494,Out,K,,
0,511,643,Out,K,,
0,512,694,Out,K,,
0,578,326,Out,K,,
0,619,492,Out,K,,
0,654,626,Out,K,,
0,666,675,Out,K,,
45,528,292,Out,K,,
0,531,261,Out,K,,
0,557,103,Out,K,,
0,594,35,Out,K,,
0,441,154,Out,K,,
0,341,181,Out,K,,
0,236,170,Out,K,,
0,213,169,Out,K,,
0,620,153,Out,K,,
0,616,302,Out,K,,
0,518,285,Out,K,,
0,516,223,Out,K,,
0,468,327,Out,K,,
0,533,512,Out,K,,
0,594,678,Out,K,,
0,607,741,Out,K,,
0,580,328,Out,K,,
0,584,505,Out,K,,
0,590,644,Out,K,,
0,601,698,Out,K,,
46,531,289,Out,K,,
0,534,258,Out,K,,
0,557,100,Out,K,,
0,600,33,Out,K,,
0,443,156,Out,K,,
0,341,177,Out,K,,
0,235,172,Out,K,,
0,214,170,Out,K,,
0,621,151,Out,K,,
0,613,289,Out,K,,
0,605,170,Out,K,,
0,604,109,Out,K,,
0,466,324,Out,K,,
0,535,511,Out,K,,
0,600,683,Out,K,,
0,615,748,Out,K,,
0,591,325,Out,K,,
0,586,508,Out,K,,
0,586,653,Out,K,,
0,598,709,Out,K,,
47,517,295,Out,K,,
0,522,264,Out,K,,
0,549,103,Out,K,,
0,593,31,Out,K,,
0,424,155,Out,K,,
0,319,176,Out,K,,
0,212,171,Out,K,,
0,174,170,Out,K,,
0,616,156,Out,K,,
0,613,286,Out,K,,
0,607,163,Out,K,,
0,606,100,Out,K,,
0,454,331,Out,K,,
0,524,529,Out,K,,
0,591,714,Out,K,,
0,603,786,Out,K,,
0,573,333,Out,K,,
0,477,514,Out,K,,
0,396,676,Out,K,,
0,390,743,Out,K,,
48,484,311,Out,K,,
0,487,275,Out,K,,
0,500,96,Out,K,,
0,525,13,Out,K,,
0,403,156,Out,K,,
0,259,177,Out,K,,
0,149,178,Out,K,,
0,110,179,Out,K,,
0,579,148,Out,K,,
0,658,250,Out,K,,
0,636,110,Out,K,,
0,634,46,Out,K,,
0,436,342,Out,K,,
0,385,535,Out,K,,
0,347,688,Out,K,,
0,338,751,Out,K,,
0,530,355,Out,K,,
0,534,588,Out,K,,
0,540,795,Out,K,,
0,550,882,Out,K,,
49,430,308,Out,K,,
0,431,272,Out,K,,
0,435,93,Out,K,,
0,445,6,Out,K,,
0,334,166,Out,K,,
0,200,175,Out,K,,
0,86,183,Out,K,,
0,73,182,Out,K,,
0,528,147,Out,K,,
0,624,190,Out,K,,
0,553,61,Out,K,,
0,551,1,Out,K,,
0,378,346,Out,K,,
0,306,487,Out,K,,
0,259,582,Out,K,,
0,249,628,Out,K,,
0,480,359,Out,K,,
0,474,590,Out,K,,
0,470,795,Out,K,,
0,478,882,Out,K,,
50,376,298,Out,K,,
0,377,264,Out,K,,
0,377,94,Out,K,,
0,365,9,Out,K,,
0,269,165,Out,K,,
0,151,187,Out,K,,
0,33,187,Out,K,,
0,-9,185,Out,K,,
0,476,155,Out,K,,
0,585,191,Out,K,,
0,506,109,Out,K,,
0,504,51,Out,K,,
0,325,346,Out,K,,
0,265,493,Out,K,,
0,225,592,Out,K,,
0,213,639,Out,K,,
0,427,346,Out,K,,
0,435,578,Out,K,,
0,444,790,Out,K,,
0,451,879,Out,K,,
51,267,293,Out,K,,
0,267,260,Out,K,,
0,257,96,Out,K,,
0,252,12,Out,K,,
0,155,160,Out,K,,
0,57,193,Out,K,,
0,-35,226,Out,K,,
0,-65,238,Out,K,,
0,358,157,Out,K,,
0,478,199,Out,K,,
0,593,218,Out,K,,
0,638,214,Out,K,,
0,222,343,Out,K,,
0,170,485,Out,K,,
0,134,581,Out,K,,
0,116,627,Out,K,,
0,317,338,Out,K,,
0,331,558,Out,K,,
0,343,750,Out,K,,
0,341,828,Out,K,,
52,215,285,Out,K,,
0,217,254,Out,K,,
0,205,95,Out,K,,
0,182,16,Out,K,,
0,104,161,Out,K,,
0,30,196,Out,K,,
0,32,94,Out,K,,
0,34,57,Out,K,,
0,300,154,Out,K,,
0,421,205,Out,K,,
0,548,217,Out,K,,
0,594,218,Out,K,,
0,167,333,Out,K,,
0,132,474,Out,K,,
0,106,569,Out,K,,
0,83,612,Out,K,,
0,270,333,Out,K,,
0,270,544,Out,K,,
0,270,722,Out,K,,
0,255,793,Out,K,,
53,124,300,Out,K,,
0,125,266,Out,K,,
0,112,98,Out,K,,
0,81,21,Out,K,,
0,55,150,Out,K,,
0,7,223,Out,K,,
0,-12,112,Out,K,,
0,-18,74,Out,K,,
0,188,165,Out,K,,
0,307,196,Out,K,,
0,448,228,Out,K,,
0,505,235,Out,K,,
0,89,328,Out,K,,
0,42,428,Out,K,,
0,0,515,Out,K,,
0,-20,555,Out,K,,
0,161,330,Out,K,,
0,216,531,Out,K,,
0,260,704,Out,K,,
0,259,772,Out,K,,
54,117,307,Out,K,,
0,117,272,Out,K,,
0,102,99,Out,K,,
0,71,23,Out,K,,
0,51,150,Out,K,,
0,4,222,Out,K,,
0,-15,113,Out,K,,
0,-21,75,Out,K,,
0,165,167,Out,K,,
0,298,196,Out,K,,
0,417,220,Out,K,,
0,474,229,Out,K,,
0,89,336,Out,K,,
0,68,476,Out,K,,
0,51,571,Out,K,,
0,37,613,Out,K,,
0,150,331,Out,K,,
0,185,523,Out,K,,
0,211,678,Out,K,,
0,207,738,Out,K,,
55,92,289,Out,K,,
0,96,258,Out,K,,
0,94,100,Out,K,,
0,57,29,Out,K,,
0,34,102,Out,K,,
0,-9,174,Out,K,,
0,-29,68,Out,K,,
0,-35,31,Out,K,,
0,147,166,Out,K,,
0,283,195,Out,K,,
0,415,220,Out,K,,
0,469,229,Out,K,,
0,61,319,Out,K,,
0,22,470,Out,K,,
0,-8,576,Out,K,,
0,-33,622,Out,K,,
0,120,324,Out,K,,
0,191,501,Out,K,,
0,244,642,Out,K,,
0,237,698,Out,K,,
56,103,284,Out,K,,
0,107,255,Out,K,,
0,93,109,Out,K,,
0,70,36,Out,K,,
0,36,124,Out,K,,
0,-4,190,Out,K,,
0,-23,92,Out,K,,
0,-28,59,Out,K,,
0,159,169,Out,K,,
0,278,198,Out,K,,
0,419,218,Out,K,,
0,468,222,Out,K,,
0,70,316,Out,K,,
0,48,430,Out,K,,
0,27,533,Out,K,,
0,3,573,Out,K,,
0,138,317,Out,K,,
0,176,501,Out,K,,
0,204,653,Out,K,,
0,190,708,Out,K,,
57,146,261,Out,K,,
0,145,237,Out,K,,
0,130,117,Out,K,,
0,118,47,Out,K,,
0,51,173,Out,K,,
0,28,244,Out,K,,
0,15,160,Out,K,,
0,12,130,Out,K,,
0,211,162,Out,K,,
0,306,207,Out,K,,
0,412,224,Out,K,,
0,455,228,Out,K,,
0,105,302,Out,K,,
0,94,393,Out,K,,
0,177,426,Out,K,,
0,166,459,Out,K,,
0,194,295,Out,K,,
0,227,417,Out,K,,
0,153,523,Out,K,,
0,139,568,Out,K,,
58,143,256,Out,K,,
0,143,234,Out,K,,
0,133,125,Out,K,,
0,125,57,Out,K,,
0,54,170,Out,K,,
0,62,270,Out,K,,
0,34,192,Out,K,,
0,26,166,Out,K,,
0,210,167,Out,K,,
0,302,213,Out,K,,
0,390,226,Out,K,,
0,426,228,Out,K,,
0,105,294,Out,K,,
0,87,384,Out,K,,
0,184,398,Out,K,,
0,174,428,Out,K,,
0,186,291,Out,K,,
0,223,409,Out,K,,
0,109,480,Out,K,,
0,92,520,Out,K,,
59,169,261,Out,K,,
0,168,240,Out,K,,
0,155,132,Out,K,,
0,144,67,Out,K,,
0,80,176,Out,K,,
0,28,221,Out,K,,
0,-20,266,Out,K,,
0,-35,281,Out,K,,
0,229,171,Out,K,,
0,316,217,Out,K,,
0,404,231,Out,K,,
0,439,237,Out,K,,
0,134,296,Out,K,,
0,113,384,Out,K,,
0,207,395,Out,K,,
0,197,424,Out,K,,
0,211,296,Out,K,,
0,210,425,Out,K,,
0,208,567,Out,K,,
0,199,606,Out,K,,
60,177,263,Out,K,,
0,176,241,Out,K,,
0,165,133,Out,K,,
0,156,67,Out,K,,
0,89,180,Out,K,,
0,33,219,Out,K,,
0,-20,257,Out,K,,
0,-37,270,Out,K,,
0,238,171,Out,K,,
0,324,216,Out,K,,
0,414,228,Out,K,,
0,452,232,Out,K,,
0,143,299,Out,K,,
0,202,452,Out,K,,
0,236,545,Out,K,,
0,227,577,Out,K,,
0,218,297,Out,K,,
0,212,426,Out,K,,
0,204,563,Out,K,,
0,195,600,Out,K,,
61,178,263,Out,K,,
0,177,242,Out,K,,
0,167,133,Out,K,,
0,162,69,Out,K,,
0,92,175,Out,K,,
0,34,213,Out,K,,
0,-21,251,Out,K,,
0,-39,264,Out,K,,
0,238,171,Out,K,,
0,321,217,Out,K,,
0,394,230,Out,K,,
0,421,232,Out,K,,
0,143,298,Out,K,,
0,248,370,Out,K,,
0,347,403,Out,K,,
0,350,431,Out,K,,
0,217,294,Out,K,,
0,212,424,Out,K,,
0,206,553,Out,K,,
0,200,589,Out,K,,
62,255,271,Out,K,,
0,254,249,Out,K,,
0,248,137,Out,K,,
0,235,74,Out,K,,
0,173,181,Out,K,,
0,111,215,Out,K,,
0,35,217,Out,K,,
0,7,218,Out,K,,
0,316,173,Out,K,,
0,402,214,Out,K,,
0,487,221,Out,K,,
0,521,223,Out,K,,
0,224,307,Out,K,,
0,223,429,Out,K,,
0,221,555,Out,K,,
0,213,590,Out,K,,
0,289,302,Out,K,,
0,299,429,Out,K,,
0,308,540,Out,K,,
0,305,572,Out,K,,
63,329,270,Out,K,,
0,330,248,Out,K,,
0,327,136,Out,K,,
0,319,75,Out,K,,
0,256,177,Out,K,,
0,182,201,Out,K,,
0,110,206,Out,K,,
0,76,206,Out,K,,
0,392,175,Out,K,,
0,477,211,Out,K,,
0,554,221,Out,K,,
0,589,227,Out,K,,
0,298,302,Out,K,,
0,308,426,Out,K,,
0,318,542,Out,K,,
0,314,575,Out,K,,
0,362,301,Out,K,,
0,363,430,Out,K,,
0,365,535,Out,K,,
0,364,567,Out,K,,
64,333,270,Out,K,,
0,334,248,Out,K,,
0,331,135,Out,K,,
0,325,75,Out,K,,
0,260,176,Out,K,,
0,186,199,Out,K,,
0,114,201,Out,K,,
0,80,201,Out,K,,
0,396,176,Out,K,,
0,481,215,Out,K,,
0,556,226,Out,K,,
0,591,232,Out,K,,
0,302,302,Out,K,,
0,310,426,Out,K,,
0,317,539,Out,K,,
0,313,571,Out,K,,
0,366,302,Out,K,,
0,366,430,Out,K,,
0,367,536,Out,K,,
0,366,567,Out,K,,
65,333,271,Out,K,,
0,334,249,Out,K,,
0,331,135,Out,K,,
0,324,75,Out,K,,
0,260,177,Out,K,,
0,186,202,Out,K,,
0,115,210,Out,K,,
0,81,211,Out,K,,
0,396,176,Out,K,,
0,482,215,Out,K,,
0,558,226,Out,K,,
0,594,231,Out,K,,
0,302,303,Out,K,,
0,309,426,Out,K,,
0,316,539,Out,K,,
0,312,570,Out,K,,
0,365,303,Out,K,,
0,367,430,Out,K,,
0,368,536,Out,K,,
0,367,567,Out,K,,
66,332,271,Out,K,,
0,334,250,Out,K,,
0,331,137,Out,K,,
0,322,77,Out,K,,
0,260,179,Out,K,,
0,184,206,Out,K,,
0,115,211,Out,K,,
0,81,212,Out,K,,
0,396,176,Out,K,,
0,484,214,Out,K,,
0,561,222,Out,K,,
0,599,224,Out,K,,
0,301,304,Out,K,,
0,307,425,Out,K,,
0,313,537,Out,K,,
0,308,568,Out,K,,
0,364,303,Out,K,,
0,369,431,Out,K,,
0,373,535,Out,K,,
0,371,566,Out,K,,
67,332,273,Out,K,,
0,334,252,Out,K,,
0,331,139,Out,K,,
0,322,80,Out,K,,
0,260,181,Out,K,,
0,185,204,Out,K,,
0,115,204,Out,K,,
0,82,206,Out,K,,
0,396,179,Out,K,,
0,485,214,Out,K,,
0,562,222,Out,K,,
0,599,225,Out,K,,
0,300,306,Out,K,,
0,305,425,Out,K,,
0,308,530,Out,K,,
0,303,560,Out,K,,
0,364,305,Out,K,,
0,371,428,Out,K,,
0,378,530,Out,K,,
0,377,560,Out,K,,
68,332,273,Out,K,,
0,333,252,Out,K,,
0,331,140,Out,K,,
0,323,81,Out,K,,
0,260,181,Out,K,,
0,185,204,Out,K,,
0,114,204,Out,K,,
0,81,206,Out,K,,
0,396,179,Out,K,,
0,484,215,Out,K,,
0,561,223,Out,K,,
0,597,227,Out,K,,
0,300,306,Out,K,,
0,304,425,Out,K,,
0,308,530,Out,K,,
0,303,560,Out,K,,
0,364,305,Out,K,,
0,371,428,Out,K,,
0,378,530,Out,K,,
0,376,560,Out,K,,
69,331,273,Out,K,,
0,333,253,Out,K,,
0,331,140,Out,K,,
0,322,81,Out,K,,
0,259,181,Out,K,,
0,183,204,Out,K,,
0,113,204,Out,K,,
0,79,205,Out,K,,
0,396,179,Out,K,,
0,484,215,Out,K,,
0,560,224,Out,K,,
0,596,228,Out,K,,
0,300,306,Out,K,,
0,304,425,Out,K,,
0,308,530,Out,K,,
0,303,560,Out,K,,
0,363,305,Out,K,,
0,371,428,Out,K,,
0,378,530,Out,K,,
0,377,560,Out,K,,
70,330,274,Out,K,,
0,332,253,Out,K,,
0,330,139,Out,K,,
0,322,80,Out,K,,
0,258,181,Out,K,,
0,182,204,Out,K,,
0,111,207,Out,K,,
0,77,208,Out,K,,
0,395,179,Out,K,,
0,483,217,Out,K,,
0,558,227,Out,K,,
0,594,231,Out,K,,
0,299,307,Out,K,,
0,303,425,Out,K,,
0,307,530,Out,K,,
0,303,560,Out,K,,
0,362,306,Out,K,,
0,370,428,Out,K,,
0,377,530,Out,K,,
0,377,560,Out,K,,
71,330,275,Out,K,,
0,332,254,Out,K,,
0,329,140,Out,K,,
0,322,80,Out,K,,
0,258,182,Out,K,,
0,181,205,Out,K,,
0,110,208,Out,K,,
0,76,209,Out,K,,
0,395,180,Out,K,,
0,483,218,Out,K,,
0,558,229,Out,K,,
0,594,234,Out,K,,
0,299,308,Out,K,,
0,303,425,Out,K,,
0,307,530,Out,K,,
0,302,560,Out,K,,
0,362,307,Out,K,,
0,370,428,Out,K,,
0,377,529,Out,K,,
0,376,560,Out,K,,
72,330,276,Out,K,,
0,332,254,Out,K,,
0,330,140,Out,K,,
0,324,80,Out,K,,
0,259,182,Out,K,,
0,182,204,Out,K,,
0,111,208,Out,K,,
0,77,209,Out,K,,
0,396,180,Out,K,,
0,484,220,Out,K,,
0,559,231,Out,K,,
0,595,236,Out,K,,
0,299,308,Out,K,,
0,303,425,Out,K,,
0,307,531,Out,K,,
0,303,561,Out,K,,
0,363,307,Out,K,,
0,370,428,Out,K,,
0,377,530,Out,K,,
0,376,561,Out,K,,
73,331,276,Out,K,,
0,333,254,Out,K,,
0,331,140,Out,K,,
0,325,80,Out,K,,
0,260,181,Out,K,,
0,183,204,Out,K,,
0,112,207,Out,K,,
0,79,208,Out,K,,
0,396,180,Out,K,,
0,484,220,Out,K,,
0,559,231,Out,K,,
0,596,237,Out,K,,
0,299,308,Out,K,,
0,303,424,Out,K,,
0,307,531,Out,K,,
0,302,561,Out,K,,
0,363,307,Out,K,,
0,370,428,Out,K,,
0,377,531,Out,K,,
0,376,561,Out,K,,
74,332,276,Out,K,,
0,334,254,Out,K,,
0,333,140,Out,K,,
0,327,80,Out,K,,
0,261,181,Out,K,,
0,185,205,Out,K,,
0,113,209,Out,K,,
0,80,210,Out,K,,
0,398,180,Out,K,,
0,488,217,Out,K,,
0,564,226,Out,K,,
0,600,229,Out,K,,
0,300,308,Out,K,,
0,304,425,Out,K,,
0,307,531,Out,K,,
0,302,561,Out,K,,
0,364,307,Out,K,,
0,372,429,Out,K,,
0,379,531,Out,K,,
0,379,561,Out,K,,
,,,,,,
3,361,281,Out,A,,
0,363,261,Out,A,,
0,363,155,Out,A,,
0,358,97,Out,A,,
0,304,188,Out,A,,
0,231,199,Out,A,,
0,167,196,Out,A,,
0,141,195,Out,A,,
0,417,185,Out,A,,
0,503,195,Out,A,,
0,580,187,Out,A,,
0,610,187,Out,A,,
0,335,307,Out,A,,
0,331,419,Out,A,,
0,334,514,Out,A,,
0,331,541,Out,A,,
0,387,307,Out,A,,
0,397,421,Out,A,,
0,407,523,Out,A,,
0,407,550,Out,A,,
4,361,280,Out,A,,
0,363,261,Out,A,,
0,363,155,Out,A,,
0,357,97,Out,A,,
0,304,188,Out,A,,
0,231,199,Out,A,,
0,166,195,Out,A,,
0,145,195,Out,A,,
0,417,186,Out,A,,
0,503,195,Out,A,,
0,581,187,Out,A,,
0,606,184,Out,A,,
0,335,307,Out,A,,
0,331,419,Out,A,,
0,336,514,Out,A,,
0,333,542,Out,A,,
0,387,307,Out,A,,
0,397,421,Out,A,,
0,408,522,Out,A,,
0,409,550,Out,A,,
5,361,280,Out,A,,
0,363,261,Out,A,,
0,364,155,Out,A,,
0,357,97,Out,A,,
0,304,187,Out,A,,
0,231,198,Out,A,,
0,166,196,Out,A,,
0,142,195,Out,A,,
0,417,186,Out,A,,
0,503,195,Out,A,,
0,581,187,Out,A,,
0,606,184,Out,A,,
0,335,307,Out,A,,
0,331,419,Out,A,,
0,335,515,Out,A,,
0,332,542,Out,A,,
0,387,306,Out,A,,
0,397,421,Out,A,,
0,406,522,Out,A,,
0,406,551,Out,A,,
6,356,279,Out,A,,
0,360,260,Out,A,,
0,360,153,Out,A,,
0,349,96,Out,A,,
0,297,188,Out,A,,
0,234,202,Out,A,,
0,177,204,Out,A,,
0,152,204,Out,A,,
0,409,185,Out,A,,
0,503,190,Out,A,,
0,588,181,Out,A,,
0,614,180,Out,A,,
0,329,306,Out,A,,
0,330,418,Out,A,,
0,331,515,Out,A,,
0,322,541,Out,A,,
0,381,305,Out,A,,
0,395,421,Out,A,,
0,406,522,Out,A,,
0,401,550,Out,A,,
7,336,281,Out,A,,
0,340,261,Out,A,,
0,337,155,Out,A,,
0,326,98,Out,A,,
0,278,191,Out,A,,
0,214,205,Out,A,,
0,155,206,Out,A,,
0,135,206,Out,A,,
0,383,186,Out,A,,
0,476,191,Out,A,,
0,557,181,Out,A,,
0,595,177,Out,A,,
0,311,307,Out,A,,
0,318,416,Out,A,,
0,323,514,Out,A,,
0,315,541,Out,A,,
0,360,305,Out,A,,
0,381,420,Out,A,,
0,405,523,Out,A,,
0,400,551,Out,A,,
8,317,278,Out,A,,
0,319,259,Out,A,,
0,316,156,Out,A,,
0,308,101,Out,A,,
0,259,190,Out,A,,
0,188,204,Out,A,,
0,124,204,Out,A,,
0,108,202,Out,A,,
0,366,186,Out,A,,
0,441,194,Out,A,,
0,515,185,Out,A,,
0,547,184,Out,A,,
0,292,305,Out,A,,
0,304,423,Out,A,,
0,328,506,Out,A,,
0,324,532,Out,A,,
0,342,302,Out,A,,
0,353,419,Out,A,,
0,350,530,Out,A,,
0,347,560,Out,A,,
9,329,277,Out,A,,
0,331,258,Out,A,,
0,328,157,Out,A,,
0,323,101,Out,A,,
0,273,189,Out,A,,
0,202,202,Out,A,,
0,138,200,Out,A,,
0,109,198,Out,A,,
0,380,187,Out,A,,
0,460,196,Out,A,,
0,531,187,Out,A,,
0,563,182,Out,A,,
0,304,303,Out,A,,
0,321,420,Out,A,,
0,308,512,Out,A,,
0,304,538,Out,A,,
0,354,301,Out,A,,
0,353,414,Out,A,,
0,354,503,Out,A,,
0,353,529,Out,A,,
10,338,276,Out,A,,
0,340,258,Out,A,,
0,340,158,Out,A,,
0,334,103,Out,A,,
0,284,188,Out,A,,
0,212,201,Out,A,,
0,148,199,Out,A,,
0,121,200,Out,A,,
0,391,188,Out,A,,
0,475,199,Out,A,,
0,545,189,Out,A,,
0,577,187,Out,A,,
0,313,301,Out,A,,
0,323,420,Out,A,,
0,307,530,Out,A,,
0,302,559,Out,A,,
0,363,301,Out,A,,
0,360,413,Out,A,,
0,359,503,Out,A,,
0,357,529,Out,A,,
11,313,277,Out,A,,
0,316,259,Out,A,,
0,318,159,Out,A,,
0,309,106,Out,A,,
0,260,190,Out,A,,
0,190,201,Out,A,,
0,128,199,Out,A,,
0,101,200,Out,A,,
0,367,189,Out,A,,
0,443,203,Out,A,,
0,514,192,Out,A,,
0,545,192,Out,A,,
0,287,302,Out,A,,
0,281,416,Out,A,,
0,274,513,Out,A,,
0,268,539,Out,A,,
0,336,303,Out,A,,
0,348,421,Out,A,,
0,358,505,Out,A,,
0,356,530,Out,A,,
12,253,277,Out,A,,
0,256,259,Out,A,,
0,252,161,Out,A,,
0,246,106,Out,A,,
0,194,191,Out,A,,
0,125,202,Out,A,,
0,62,197,Out,A,,
0,34,195,Out,A,,
0,302,189,Out,A,,
0,374,203,Out,A,,
0,444,198,Out,A,,
0,474,196,Out,A,,
0,228,304,Out,A,,
0,236,406,Out,A,,
0,258,502,Out,A,,
0,252,527,Out,A,,
0,278,301,Out,A,,
0,286,419,Out,A,,
0,281,533,Out,A,,
0,276,563,Out,A,,
13,237,279,Out,A,,
0,240,260,Out,A,,
0,237,161,Out,A,,
0,231,104,Out,A,,
0,179,192,Out,A,,
0,115,204,Out,A,,
0,50,199,Out,A,,
0,32,198,Out,A,,
0,287,189,Out,A,,
0,361,201,Out,A,,
0,431,195,Out,A,,
0,461,193,Out,A,,
0,212,306,Out,A,,
0,225,409,Out,A,,
0,222,513,Out,A,,
0,215,540,Out,A,,
0,263,303,Out,A,,
0,268,407,Out,A,,
0,245,521,Out,A,,
0,239,549,Out,A,,
14,193,274,Out,A,,
0,196,257,Out,A,,
0,192,162,Out,A,,
0,192,107,Out,A,,
0,135,197,Out,A,,
0,78,209,Out,A,,
0,13,206,Out,A,,
0,-10,205,Out,A,,
0,245,191,Out,A,,
0,316,203,Out,A,,
0,384,194,Out,A,,
0,414,194,Out,A,,
0,165,301,Out,A,,
0,186,390,Out,A,,
0,182,461,Out,A,,
0,184,432,Out,A,,
0,221,299,Out,A,,
0,221,420,Out,A,,
0,255,512,Out,A,,
0,252,539,Out,A,,
15,161,271,Out,A,,
0,165,255,Out,A,,
0,159,164,Out,A,,
0,155,108,Out,A,,
0,104,197,Out,A,,
0,48,213,Out,A,,
0,-8,229,Out,A,,
0,-24,234,Out,A,,
0,212,190,Out,A,,
0,282,203,Out,A,,
0,351,197,Out,A,,
0,381,194,Out,A,,
0,134,300,Out,A,,
0,162,386,Out,A,,
0,158,456,Out,A,,
0,177,460,Out,A,,
0,189,293,Out,A,,
0,189,390,Out,A,,
0,204,506,Out,A,,
0,203,534,Out,A,,
16,159,271,Out,A,,
0,163,255,Out,A,,
0,157,164,Out,A,,
0,153,107,Out,A,,
0,102,197,Out,A,,
0,46,213,Out,A,,
0,-9,230,Out,A,,
0,-25,235,Out,A,,
0,210,190,Out,A,,
0,281,203,Out,A,,
0,350,196,Out,A,,
0,379,193,Out,A,,
0,132,300,Out,A,,
0,162,387,Out,A,,
0,158,456,Out,A,,
0,187,461,Out,A,,
0,187,293,Out,A,,
0,190,389,Out,A,,
0,202,497,Out,A,,
0,198,523,Out,A,,
17,268,282,Out,A,,
0,271,263,Out,A,,
0,269,160,Out,A,,
0,263,102,Out,A,,
0,209,192,Out,A,,
0,133,202,Out,A,,
0,69,197,Out,A,,
0,40,195,Out,A,,
0,320,191,Out,A,,
0,400,206,Out,A,,
0,475,198,Out,A,,
0,497,191,Out,A,,
0,242,309,Out,A,,
0,241,418,Out,A,,
0,247,518,Out,A,,
0,241,545,Out,A,,
0,293,307,Out,A,,
0,309,421,Out,A,,
0,331,529,Out,A,,
0,329,557,Out,A,,
18,319,280,Out,A,,
0,322,260,Out,A,,
0,322,155,Out,A,,
0,316,97,Out,A,,
0,263,187,Out,A,,
0,190,201,Out,A,,
0,127,196,Out,A,,
0,101,196,Out,A,,
0,374,186,Out,A,,
0,461,201,Out,A,,
0,536,191,Out,A,,
0,561,183,Out,A,,
0,292,307,Out,A,,
0,301,422,Out,A,,
0,298,522,Out,A,,
0,292,549,Out,A,,
0,344,306,Out,A,,
0,350,424,Out,A,,
0,346,519,Out,A,,
0,343,546,Out,A,,
19,309,280,Out,A,,
0,312,260,Out,A,,
0,312,155,Out,A,,
0,306,97,Out,A,,
0,252,188,Out,A,,
0,179,202,Out,A,,
0,116,198,Out,A,,
0,90,196,Out,A,,
0,364,187,Out,A,,
0,453,204,Out,A,,
0,528,193,Out,A,,
0,561,191,Out,A,,
0,282,306,Out,A,,
0,293,421,Out,A,,
0,306,508,Out,A,,
0,301,534,Out,A,,
0,334,306,Out,A,,
0,341,422,Out,A,,
0,342,545,Out,A,,
0,337,576,Out,A,,
20,326,281,Out,A,,
0,329,261,Out,A,,
0,329,157,Out,A,,
0,323,99,Out,A,,
0,269,189,Out,A,,
0,197,201,Out,A,,
0,134,196,Out,A,,
0,108,195,Out,A,,
0,382,189,Out,A,,
0,470,205,Out,A,,
0,546,196,Out,A,,
0,579,193,Out,A,,
0,300,307,Out,A,,
0,299,413,Out,A,,
0,313,510,Out,A,,
0,308,536,Out,A,,
0,352,306,Out,A,,
0,371,423,Out,A,,
0,397,532,Out,A,,
0,396,561,Out,A,,
21,390,278,Out,A,,
0,392,259,Out,A,,
0,393,158,Out,A,,
0,384,101,Out,A,,
0,333,189,Out,A,,
0,265,205,Out,A,,
0,206,202,Out,A,,
0,180,201,Out,A,,
0,444,186,Out,A,,
0,520,200,Out,A,,
0,598,195,Out,A,,
0,613,192,Out,A,,
0,365,304,Out,A,,
0,354,414,Out,A,,
0,348,529,Out,A,,
0,343,558,Out,A,,
0,415,304,Out,A,,
0,423,419,Out,A,,
0,421,518,Out,A,,
0,420,545,Out,A,,
22,397,276,Out,A,,
0,399,258,Out,A,,
0,400,161,Out,A,,
0,392,106,Out,A,,
0,345,190,Out,A,,
0,276,205,Out,A,,
0,218,201,Out,A,,
0,193,202,Out,A,,
0,449,189,Out,A,,
0,523,200,Out,A,,
0,598,192,Out,A,,
0,616,190,Out,A,,
0,373,300,Out,A,,
0,392,411,Out,A,,
0,385,496,Out,A,,
0,383,520,Out,A,,
0,421,300,Out,A,,
0,421,413,Out,A,,
0,427,508,Out,A,,
0,426,533,Out,A,,
23,394,271,Out,A,,
0,397,255,Out,A,,
0,397,169,Out,A,,
0,383,113,Out,A,,
0,345,191,Out,A,,
0,284,204,Out,A,,
0,229,201,Out,A,,
0,208,197,Out,A,,
0,444,191,Out,A,,
0,521,201,Out,A,,
0,593,194,Out,A,,
0,618,190,Out,A,,
0,371,294,Out,A,,
0,380,404,Out,A,,
0,392,487,Out,A,,
0,387,509,Out,A,,
0,416,295,Out,A,,
0,424,399,Out,A,,
0,436,490,Out,A,,
0,433,513,Out,A,,
24,410,270,Out,A,,
0,412,254,Out,A,,
0,412,177,Out,A,,
0,391,126,Out,A,,
0,359,196,Out,A,,
0,305,207,Out,A,,
0,256,202,Out,A,,
0,234,201,Out,A,,
0,456,193,Out,A,,
0,527,203,Out,A,,
0,596,195,Out,A,,
0,619,191,Out,A,,
0,387,292,Out,A,,
0,396,391,Out,A,,
0,390,487,Out,A,,
0,384,510,Out,A,,
0,431,292,Out,A,,
0,435,390,Out,A,,
0,439,461,Out,A,,
0,435,482,Out,A,,
25,398,265,Out,A,,
0,399,250,Out,A,,
0,397,174,Out,A,,
0,386,125,Out,A,,
0,349,195,Out,A,,
0,296,211,Out,A,,
0,243,204,Out,A,,
0,220,208,Out,A,,
0,439,192,Out,A,,
0,514,200,Out,A,,
0,574,189,Out,A,,
0,603,184,Out,A,,
0,378,287,Out,A,,
0,388,381,Out,A,,
0,397,457,Out,A,,
0,396,476,Out,A,,
0,420,285,Out,A,,
0,426,382,Out,A,,
0,433,453,Out,A,,
0,433,472,Out,A,,
26,396,263,Out,A,,
0,396,249,Out,A,,
0,395,174,Out,A,,
0,385,128,Out,A,,
0,349,197,Out,A,,
0,297,215,Out,A,,
0,247,213,Out,A,,
0,230,214,Out,A,,
0,436,194,Out,A,,
0,505,200,Out,A,,
0,563,191,Out,A,,
0,589,186,Out,A,,
0,376,283,Out,A,,
0,387,372,Out,A,,
0,385,455,Out,A,,
0,384,473,Out,A,,
0,417,282,Out,A,,
0,414,381,Out,A,,
0,411,459,Out,A,,
0,400,473,Out,A,,
27,396,262,Out,A,,
0,396,248,Out,A,,
0,394,173,Out,A,,
0,386,127,Out,A,,
0,349,196,Out,A,,
0,297,214,Out,A,,
0,244,213,Out,A,,
0,227,212,Out,A,,
0,434,194,Out,A,,
0,500,204,Out,A,,
0,555,197,Out,A,,
0,580,193,Out,A,,
0,377,282,Out,A,,
0,381,376,Out,A,,
0,379,458,Out,A,,
0,387,477,Out,A,,
0,416,281,Out,A,,
0,413,381,Out,A,,
0,411,459,Out,A,,
0,411,476,Out,A,,
28,393,269,Out,A,,
0,393,254,Out,A,,
0,391,172,Out,A,,
0,382,124,Out,A,,
0,344,199,Out,A,,
0,285,217,Out,A,,
0,234,214,Out,A,,
0,210,215,Out,A,,
0,433,195,Out,A,,
0,504,206,Out,A,,
0,564,199,Out,A,,
0,591,195,Out,A,,
0,373,291,Out,A,,
0,393,392,Out,A,,
0,391,462,Out,A,,
0,402,481,Out,A,,
0,414,289,Out,A,,
0,417,395,Out,A,,
0,420,460,Out,A,,
0,420,479,Out,A,,
29,375,272,Out,A,,
0,378,256,Out,A,,
0,376,170,Out,A,,
0,362,120,Out,A,,
0,326,197,Out,A,,
0,268,216,Out,A,,
0,215,216,Out,A,,
0,191,216,Out,A,,
0,420,193,Out,A,,
0,499,202,Out,A,,
0,564,191,Out,A,,
0,594,188,Out,A,,
0,354,296,Out,A,,
0,360,396,Out,A,,
0,359,484,Out,A,,
0,354,506,Out,A,,
0,397,293,Out,A,,
0,388,410,Out,A,,
0,416,490,Out,A,,
0,413,513,Out,A,,
30,323,274,Out,A,,
0,327,258,Out,A,,
0,328,172,Out,A,,
0,313,122,Out,A,,
0,275,201,Out,A,,
0,217,221,Out,A,,
0,163,222,Out,A,,
0,140,220,Out,A,,
0,371,197,Out,A,,
0,450,206,Out,A,,
0,517,193,Out,A,,
0,547,191,Out,A,,
0,300,298,Out,A,,
0,290,392,Out,A,,
0,270,479,Out,A,,
0,260,500,Out,A,,
0,343,296,Out,A,,
0,359,396,Out,A,,
0,391,485,Out,A,,
0,385,508,Out,A,,
31,255,272,Out,A,,
0,261,256,Out,A,,
0,263,171,Out,A,,
0,248,122,Out,A,,
0,211,199,Out,A,,
0,155,220,Out,A,,
0,101,222,Out,A,,
0,79,220,Out,A,,
0,304,196,Out,A,,
0,377,206,Out,A,,
0,440,197,Out,A,,
0,468,195,Out,A,,
0,233,296,Out,A,,
0,234,394,Out,A,,
0,237,480,Out,A,,
0,227,501,Out,A,,
0,274,294,Out,A,,
0,276,398,Out,A,,
0,284,485,Out,A,,
0,275,507,Out,A,,
32,200,272,Out,A,,
0,204,256,Out,A,,
0,203,174,Out,A,,
0,198,126,Out,A,,
0,155,204,Out,A,,
0,101,222,Out,A,,
0,46,222,Out,A,,
0,31,223,Out,A,,
0,245,199,Out,A,,
0,310,212,Out,A,,
0,370,202,Out,A,,
0,397,201,Out,A,,
0,178,294,Out,A,,
0,182,379,Out,A,,
0,191,444,Out,A,,
0,186,426,Out,A,,
0,221,293,Out,A,,
0,227,388,Out,A,,
0,255,476,Out,A,,
0,250,498,Out,A,,
33,171,268,Out,A,,
0,174,254,Out,A,,
0,171,175,Out,A,,
0,167,127,Out,A,,
0,122,204,Out,A,,
0,74,217,Out,A,,
0,17,221,Out,A,,
0,-2,220,Out,A,,
0,215,198,Out,A,,
0,276,211,Out,A,,
0,333,205,Out,A,,
0,359,204,Out,A,,
0,148,292,Out,A,,
0,151,373,Out,A,,
0,159,438,Out,A,,
0,155,411,Out,A,,
0,193,288,Out,A,,
0,187,371,Out,A,,
0,197,451,Out,A,,
0,192,471,Out,A,,
34,148,268,Out,A,,
0,151,254,Out,A,,
0,145,175,Out,A,,
0,146,131,Out,A,,
0,98,205,Out,A,,
0,50,223,Out,A,,
0,0,188,Out,A,,
0,-14,173,Out,A,,
0,190,199,Out,A,,
0,250,211,Out,A,,
0,306,204,Out,A,,
0,331,203,Out,A,,
0,126,291,Out,A,,
0,122,371,Out,A,,
0,131,435,Out,A,,
0,127,409,Out,A,,
0,171,288,Out,A,,
0,172,370,Out,A,,
0,193,445,Out,A,,
0,176,455,Out,A,,
35,118,268,Out,A,,
0,121,253,Out,A,,
0,117,176,Out,A,,
0,114,130,Out,A,,
0,69,204,Out,A,,
0,20,224,Out,A,,
0,-29,245,Out,A,,
0,-44,252,Out,A,,
0,161,200,Out,A,,
0,220,213,Out,A,,
0,275,205,Out,A,,
0,299,204,Out,A,,
0,96,290,Out,A,,
0,95,368,Out,A,,
0,105,430,Out,A,,
0,100,406,Out,A,,
0,141,288,Out,A,,
0,136,364,Out,A,,
0,127,319,Out,A,,
0,120,334,Out,A,,
36,112,267,Out,A,,
0,114,253,Out,A,,
0,108,178,Out,A,,
0,109,130,Out,A,,
0,62,203,Out,A,,
0,14,224,Out,A,,
0,-36,246,Out,A,,
0,-50,253,Out,A,,
0,154,200,Out,A,,
0,214,215,Out,A,,
0,267,209,Out,A,,
0,291,208,Out,A,,
0,90,289,Out,A,,
0,88,365,Out,A,,
0,97,427,Out,A,,
0,90,404,Out,A,,
0,135,287,Out,A,,
0,133,362,Out,A,,
0,115,312,Out,A,,
0,108,327,Out,A,,
37,101,269,Out,A,,
0,102,254,Out,A,,
0,96,177,Out,A,,
0,97,129,Out,A,,
0,49,203,Out,A,,
0,-4,232,Out,A,,
0,-47,255,Out,A,,
0,-60,263,Out,A,,
0,143,200,Out,A,,
0,204,216,Out,A,,
0,259,211,Out,A,,
0,283,208,Out,A,,
0,79,291,Out,A,,
0,77,366,Out,A,,
0,86,428,Out,A,,
0,79,406,Out,A,,
0,125,288,Out,A,,
0,125,366,Out,A,,
0,143,312,Out,A,,
0,129,332,Out,A,,
38,109,273,Out,A,,
0,111,258,Out,A,,
0,106,173,Out,A,,
0,104,121,Out,A,,
0,55,204,Out,A,,
0,-1,235,Out,A,,
0,-47,261,Out,A,,
0,-61,269,Out,A,,
0,157,198,Out,A,,
0,219,215,Out,A,,
0,284,208,Out,A,,
0,310,206,Out,A,,
0,85,297,Out,A,,
0,53,380,Out,A,,
0,65,450,Out,A,,
0,60,424,Out,A,,
0,134,295,Out,A,,
0,137,375,Out,A,,
0,157,318,Out,A,,
0,139,339,Out,A,,
39,134,275,Out,A,,
0,136,258,Out,A,,
0,130,165,Out,A,,
0,129,106,Out,A,,
0,74,200,Out,A,,
0,18,223,Out,A,,
0,-38,247,Out,A,,
0,-54,254,Out,A,,
0,186,193,Out,A,,
0,260,215,Out,A,,
0,334,210,Out,A,,
0,363,208,Out,A,,
0,106,301,Out,A,,
0,70,396,Out,A,,
0,83,475,Out,A,,
0,78,446,Out,A,,
0,162,301,Out,A,,
0,186,394,Out,A,,
0,158,322,Out,A,,
0,168,355,Out,A,,
40,165,277,Out,A,,
0,168,259,Out,A,,
0,162,160,Out,A,,
0,158,97,Out,A,,
0,99,197,Out,A,,
0,38,219,Out,A,,
0,-23,241,Out,A,,
0,-41,247,Out,A,,
0,221,193,Out,A,,
0,305,215,Out,A,,
0,384,210,Out,A,,
0,418,208,Out,A,,
0,134,306,Out,A,,
0,89,408,Out,A,,
0,103,494,Out,A,,
0,99,462,Out,A,,
0,197,304,Out,A,,
0,189,410,Out,A,,
0,199,496,Out,A,,
0,195,463,Out,A,,
41,174,276,Out,A,,
0,177,257,Out,A,,
0,170,155,Out,A,,
0,167,88,Out,A,,
0,105,193,Out,A,,
0,41,217,Out,A,,
0,-21,242,Out,A,,
0,-39,250,Out,A,,
0,233,188,Out,A,,
0,316,213,Out,A,,
0,406,207,Out,A,,
0,442,203,Out,A,,
0,141,305,Out,A,,
0,96,413,Out,A,,
0,110,502,Out,A,,
0,107,468,Out,A,,
0,208,306,Out,A,,
0,214,422,Out,A,,
0,221,560,Out,A,,
0,216,599,Out,A,,
42,221,299,Out,A,,
0,225,275,Out,A,,
0,221,149,Out,A,,
0,216,76,Out,A,,
0,149,193,Out,A,,
0,82,212,Out,A,,
0,0,195,Out,A,,
0,-27,187,Out,A,,
0,285,190,Out,A,,
0,383,213,Out,A,,
0,493,208,Out,A,,
0,536,207,Out,A,,
0,186,332,Out,A,,
0,227,476,Out,A,,
0,260,598,Out,A,,
0,253,639,Out,A,,
0,255,331,Out,A,,
0,251,477,Out,A,,
0,246,600,Out,A,,
0,238,640,Out,A,,
43,277,303,Out,A,,
0,283,275,Out,A,,
0,281,135,Out,A,,
0,269,59,Out,A,,
0,204,183,Out,A,,
0,129,203,Out,A,,
0,48,200,Out,A,,
0,36,199,Out,A,,
0,350,180,Out,A,,
0,456,202,Out,A,,
0,562,196,Out,A,,
0,604,190,Out,A,,
0,242,338,Out,A,,
0,251,490,Out,A,,
0,257,614,Out,A,,
0,245,657,Out,A,,
0,311,338,Out,A,,
0,327,490,Out,A,,
0,340,613,Out,A,,
0,334,656,Out,A,,
44,294,304,Out,A,,
0,300,276,Out,A,,
0,300,133,Out,A,,
0,287,54,Out,A,,
0,221,181,Out,A,,
0,138,202,Out,A,,
0,57,200,Out,A,,
0,39,198,Out,A,,
0,369,177,Out,A,,
0,474,201,Out,A,,
0,587,197,Out,A,,
0,628,192,Out,A,,
0,257,340,Out,A,,
0,269,497,Out,A,,
0,278,627,Out,A,,
0,265,672,Out,A,,
0,328,340,Out,A,,
0,299,483,Out,A,,
0,278,592,Out,A,,
0,265,632,Out,A,,
45,298,303,Out,A,,
0,305,276,Out,A,,
0,305,132,Out,A,,
0,291,53,Out,A,,
0,225,180,Out,A,,
0,144,202,Out,A,,
0,63,199,Out,A,,
0,40,197,Out,A,,
0,373,177,Out,A,,
0,477,200,Out,A,,
0,591,195,Out,A,,
0,607,192,Out,A,,
0,261,339,Out,A,,
0,273,496,Out,A,,
0,283,624,Out,A,,
0,270,669,Out,A,,
0,333,340,Out,A,,
0,301,483,Out,A,,
0,277,591,Out,A,,
0,264,632,Out,A,,
46,303,295,Out,A,,
0,309,270,Out,A,,
0,308,142,Out,A,,
0,298,70,Out,A,,
0,235,183,Out,A,,
0,152,206,Out,A,,
0,75,201,Out,A,,
0,41,199,Out,A,,
0,371,182,Out,A,,
0,473,203,Out,A,,
0,574,196,Out,A,,
0,606,191,Out,A,,
0,270,328,Out,A,,
0,283,447,Out,A,,
0,297,578,Out,A,,
0,287,618,Out,A,,
0,335,328,Out,A,,
0,341,483,Out,A,,
0,346,618,Out,A,,
0,338,661,Out,A,,
47,312,289,Out,A,,
0,316,267,Out,A,,
0,316,151,Out,A,,
0,306,87,Out,A,,
0,251,189,Out,A,,
0,176,210,Out,A,,
0,105,207,Out,A,,
0,75,207,Out,A,,
0,372,187,Out,A,,
0,468,205,Out,A,,
0,565,195,Out,A,,
0,607,191,Out,A,,
0,283,317,Out,A,,
0,291,435,Out,A,,
0,301,574,Out,A,,
0,292,610,Out,A,,
0,341,319,Out,A,,
0,343,439,Out,A,,
0,344,553,Out,A,,
0,339,585,Out,A,,
48,304,283,Out,A,,
0,307,262,Out,A,,
0,304,159,Out,A,,
0,296,98,Out,A,,
0,246,192,Out,A,,
0,175,214,Out,A,,
0,110,213,Out,A,,
0,82,210,Out,A,,
0,358,190,Out,A,,
0,447,209,Out,A,,
0,524,199,Out,A,,
0,560,197,Out,A,,
0,277,309,Out,A,,
0,289,422,Out,A,,
0,294,517,Out,A,,
0,287,544,Out,A,,
0,330,309,Out,A,,
0,333,425,Out,A,,
0,308,557,Out,A,,
0,301,593,Out,A,,
49,309,279,Out,A,,
0,312,260,Out,A,,
0,311,162,Out,A,,
0,302,106,Out,A,,
0,256,193,Out,A,,
0,189,215,Out,A,,
0,128,213,Out,A,,
0,102,213,Out,A,,
0,361,191,Out,A,,
0,439,208,Out,A,,
0,515,199,Out,A,,
0,548,198,Out,A,,
0,285,303,Out,A,,
0,293,431,Out,A,,
0,298,515,Out,A,,
0,291,541,Out,A,,
0,333,303,Out,A,,
0,334,412,Out,A,,
0,329,498,Out,A,,
0,325,523,Out,A,,
50,304,277,Out,A,,
0,306,259,Out,A,,
0,305,164,Out,A,,
0,297,110,Out,A,,
0,251,196,Out,A,,
0,185,216,Out,A,,
0,124,215,Out,A,,
0,99,215,Out,A,,
0,353,192,Out,A,,
0,430,210,Out,A,,
0,501,202,Out,A,,
0,532,201,Out,A,,
0,280,302,Out,A,,
0,289,402,Out,A,,
0,300,482,Out,A,,
0,295,504,Out,A,,
0,328,301,Out,A,,
0,330,401,Out,A,,
0,337,508,Out,A,,
0,333,534,Out,A,,
51,322,279,Out,A,,
0,324,260,Out,A,,
0,322,163,Out,A,,
0,315,108,Out,A,,
0,268,195,Out,A,,
0,200,215,Out,A,,
0,138,215,Out,A,,
0,111,212,Out,A,,
0,371,192,Out,A,,
0,448,211,Out,A,,
0,522,203,Out,A,,
0,554,202,Out,A,,
0,298,304,Out,A,,
0,307,403,Out,A,,
0,302,498,Out,A,,
0,298,522,Out,A,,
0,346,303,Out,A,,
0,348,402,Out,A,,
0,348,497,Out,A,,
0,345,522,Out,A,,
52,346,284,Out,A,,
0,347,264,Out,A,,
0,346,163,Out,A,,
0,339,105,Out,A,,
0,288,195,Out,A,,
0,213,216,Out,A,,
0,148,215,Out,A,,
0,118,212,Out,A,,
0,399,193,Out,A,,
0,483,213,Out,A,,
0,557,205,Out,A,,
0,592,203,Out,A,,
0,321,309,Out,A,,
0,355,438,Out,A,,
0,378,525,Out,A,,
0,378,553,Out,A,,
0,373,309,Out,A,,
0,378,419,Out,A,,
0,356,524,Out,A,,
0,355,552,Out,A,,
53,372,286,Out,A,,
0,372,265,Out,A,,
0,370,156,Out,A,,
0,362,94,Out,A,,
0,309,190,Out,A,,
0,230,211,Out,A,,
0,161,209,Out,A,,
0,129,208,Out,A,,
0,428,188,Out,A,,
0,508,210,Out,A,,
0,590,205,Out,A,,
0,612,202,Out,A,,
0,346,315,Out,A,,
0,347,423,Out,A,,
0,350,523,Out,A,,
0,348,552,Out,A,,
0,400,313,Out,A,,
0,419,429,Out,A,,
0,440,557,Out,A,,
0,443,590,Out,A,,
54,408,290,Out,A,,
0,409,268,Out,A,,
0,411,150,Out,A,,
0,398,85,Out,A,,
0,342,188,Out,A,,
0,262,211,Out,A,,
0,192,212,Out,A,,
0,161,210,Out,A,,
0,468,185,Out,A,,
0,545,208,Out,A,,
0,636,204,Out,A,,
0,668,201,Out,A,,
0,378,319,Out,A,,
0,395,434,Out,A,,
0,415,570,Out,A,,
0,415,608,Out,A,,
0,437,319,Out,A,,
0,441,435,Out,A,,
0,446,558,Out,A,,
0,447,592,Out,A,,
55,434,294,Out,A,,
0,435,270,Out,A,,
0,436,145,Out,A,,
0,424,76,Out,A,,
0,366,185,Out,A,,
0,281,211,Out,A,,
0,210,209,Out,A,,
0,178,208,Out,A,,
0,500,184,Out,A,,
0,587,208,Out,A,,
0,685,236,Out,A,,
0,716,245,Out,A,,
0,402,323,Out,A,,
0,411,448,Out,A,,
0,423,598,Out,A,,
0,422,642,Out,A,,
0,466,326,Out,A,,
0,468,441,Out,A,,
0,471,569,Out,A,,
0,472,607,Out,A,,
56,450,304,Out,A,,
0,451,278,Out,A,,
0,454,139,Out,A,,
0,441,65,Out,A,,
0,379,186,Out,A,,
0,289,211,Out,A,,
0,212,212,Out,A,,
0,178,209,Out,A,,
0,523,183,Out,A,,
0,637,218,Out,A,,
0,741,250,Out,A,,
0,775,261,Out,A,,
0,415,336,Out,A,,
0,431,493,Out,A,,
0,445,628,Out,A,,
0,444,673,Out,A,,
0,484,337,Out,A,,
0,501,497,Out,A,,
0,518,635,Out,A,,
0,522,682,Out,A,,
57,496,310,Out,A,,
0,499,281,Out,A,,
0,503,127,Out,A,,
0,487,47,Out,A,,
0,416,176,Out,A,,
0,318,205,Out,A,,
0,232,205,Out,A,,
0,194,202,Out,A,,
0,580,174,Out,A,,
0,661,281,Out,A,,
0,734,381,Out,A,,
0,758,415,Out,A,,
0,456,346,Out,A,,
0,471,518,Out,A,,
0,484,665,Out,A,,
0,481,717,Out,A,,
0,535,347,Out,A,,
0,497,508,Out,A,,
0,470,632,Out,A,,
0,466,679,Out,A,,
58,494,314,Out,A,,
0,496,284,Out,A,,
0,500,125,Out,A,,
0,484,46,Out,A,,
0,414,176,Out,A,,
0,309,207,Out,A,,
0,220,207,Out,A,,
0,181,205,Out,A,,
0,579,173,Out,A,,
0,648,291,Out,A,,
0,710,401,Out,A,,
0,731,439,Out,A,,
0,453,350,Out,A,,
0,470,527,Out,A,,
0,487,676,Out,A,,
0,484,730,Out,A,,
0,535,351,Out,A,,
0,492,514,Out,A,,
0,461,639,Out,A,,
0,457,687,Out,A,,
59,492,319,Out,A,,
0,494,288,Out,A,,
0,497,127,Out,A,,
0,480,46,Out,A,,
0,411,177,Out,A,,
0,321,251,Out,A,,
0,241,295,Out,A,,
0,212,305,Out,A,,
0,577,176,Out,A,,
0,664,268,Out,A,,
0,733,344,Out,A,,
0,754,369,Out,A,,
0,450,356,Out,A,,
0,468,531,Out,A,,
0,484,676,Out,A,,
0,481,730,Out,A,,
0,533,357,Out,A,,
0,488,521,Out,A,,
0,457,648,Out,A,,
0,452,698,Out,A,,
